variant,income,group,group_label_cn,quantity_2000kcal_elasticity,expenditure_elasticity,budget_share_elasticity,xhat,budget_share,phi,u,support_flag
baseline_real_national_nonfood,10000.0,grain,粮食/主粮,-1.0469899025254439,-1.0469899025254439,-2.0469899025254437,0.6005148808042498,0.05102714398332762,3.172541582030467e-05,-3.960263288696461,in_support
baseline_real_national_nonfood,10000.0,oil,食用油,-0.14702327459488476,-0.14702327459488476,-1.1470232745948847,0.13099401163059313,0.06801084767582677,3.779937947009751e-05,-3.960263288696461,in_support
baseline_real_national_nonfood,10000.0,vegetable,蔬菜,0.9907053412528266,0.9907053412528266,-0.00929465874717339,0.021523785929757167,0.00970077348702473,0.0034435970248176168,-3.960263288696461,in_support
baseline_real_national_nonfood,10000.0,fruit,水果,0.8785241487210755,0.8785241487210755,-0.12147585127892446,0.01538094720427392,0.02117633702114399,0.013623157795773793,-3.960263288696461,in_support
baseline_real_national_nonfood,10000.0,pork,猪肉,0.6049656818824336,0.6049656818824336,-0.3950343181175664,0.07275251782555821,0.01727963954345977,0.025608460745138457,-3.960263288696461,in_support
baseline_real_national_nonfood,10000.0,beef,牛肉,12.941711257095644,12.941711257095644,11.941711257095644,0.0004169469556154762,0.0009890280945085044,0.01908050066336214,-3.960263288696461,in_support
baseline_real_national_nonfood,10000.0,mutton,羊肉,4.445280715625807,4.445280715625807,3.445280715625807,0.0011601750538621073,0.0014145199450765636,0.009486732409307239,-3.960263288696461,in_support
baseline_real_national_nonfood,10000.0,poultry,禽肉,0.7934686620802011,0.7934686620802011,-0.20653133791979894,0.0147930973871682,0.009428274307788875,0.0002297716414935682,-3.960263288696461,in_support
baseline_real_national_nonfood,10000.0,aquatic,水产品,13.949209863499744,13.949209863499744,12.949209863499744,0.0011167988431853067,0.0010093318381568612,0.020988596708649932,-3.960263288696461,in_support
baseline_real_national_nonfood,10000.0,egg,蛋类,0.8354944000827776,0.8354944000827776,-0.16450559991722236,0.010952113465826193,0.003050265914989326,0.005535433292938984,-3.960263288696461,in_support
baseline_real_national_nonfood,10000.0,milk,奶类,3.594741647868286,3.594741647868286,2.594741647868286,0.004572606729588714,0.0016735968361893815,0.00020494134062362424,-3.960263288696461,in_support
baseline_real_national_nonfood,10000.0,nonfood,其他/未覆盖支出,1.1966328775814719,1.1966328775814719,0.19663287758147185,81.52402413525077,0.8152402413525076,0.9017292835826043,-3.960263288696461,in_support
baseline_real_national_nonfood,13675.100270074257,grain,粮食/主粮,-0.506963708240679,-0.506963708240679,-1.506963708240679,0.4872868471617754,0.03027831182238105,2.7463808787367975e-05,-1.7305489573740624,in_support
baseline_real_national_nonfood,13675.100270074257,oil,食用油,-0.05903086036935688,-0.05903086036935688,-1.0590308603693568,0.1275343736841924,0.04841985446476145,3.272186993317559e-05,-1.7305489573740624,in_support
baseline_real_national_nonfood,13675.100270074257,vegetable,蔬菜,0.4991527481341644,0.4991527481341644,-0.5008472518658356,0.026452738082851066,0.008718219766254642,0.0029810260255063873,-1.7305489573740624,in_support
baseline_real_national_nonfood,13675.100270074257,fruit,水果,0.6010092743584946,0.6010092743584946,-0.3989907256415054,0.01922323640510691,0.019353688475175497,0.011793188240698048,-1.7305489573740624,in_support
baseline_real_national_nonfood,13675.100270074257,pork,猪肉,0.8882754830374173,0.8882754830374173,-0.11172451696258268,0.09602130743148671,0.016677223400370676,0.022168531162109362,-1.7305489573740624,in_support
baseline_real_national_nonfood,13675.100270074257,beef,牛肉,2.839564065376168,2.839564065376168,1.8395640653761678,0.0025335122205822594,0.004394609653378155,0.01651745795087244,-1.7305489573740624,in_support
baseline_real_national_nonfood,13675.100270074257,mutton,羊肉,2.1694960087822572,2.1694960087822572,1.1694960087822572,0.0031963327741936125,0.002849751697467435,0.008212400000739806,-1.7305489573740624,in_support
baseline_real_national_nonfood,13675.100270074257,poultry,禽肉,0.28560581531056034,0.28560581531056034,-0.7143941846894397,0.0169592390871159,0.007904036489393874,0.00019890690991984677,-1.7305489573740624,in_support
baseline_real_national_nonfood,13675.100270074257,aquatic,水产品,2.8737395271270216,2.8737395271270216,1.8737395271270216,0.007227475692578385,0.004776558902720778,0.018169243548657354,-1.7305489573740624,in_support
baseline_real_national_nonfood,13675.100270074257,egg,蛋类,1.0455279085266853,1.0455279085266853,0.04552790852668531,0.015428313202153814,0.0031421556503418947,0.004791870416248715,-1.7305489573740624,in_support
baseline_real_national_nonfood,13675.100270074257,milk,奶类,0.8954274820554373,0.8954274820554373,-0.10457251794456268,0.007613841980058662,0.00203779426053714,0.00017741201008661872,-1.7305489573740624,in_support
baseline_real_national_nonfood,13675.100270074257,nonfood,其他/未覆盖支出,1.1129931932157309,1.1129931932157309,0.11299319321573087,116.43633977064121,0.8514477954172174,0.9149297780564409,-1.7305489573740624,in_support
baseline_real_national_nonfood,16192.97519710852,grain,粮食/主粮,-0.4587914648628492,-0.4587914648628492,-1.4587914648628493,0.44937350410806376,0.02358078719237177,2.453291673633268e-05,-1.1462606672930282,in_support
baseline_real_national_nonfood,16192.97519710852,oil,食用油,-0.04967183451741896,-0.04967183451741896,-1.049671834517419,0.12637957999749716,0.0405207059019265,2.922984633132666e-05,-1.1462606672930282,in_support
baseline_real_national_nonfood,16192.97519710852,vegetable,蔬菜,0.4099191006055312,0.4099191006055312,-0.5900808993944688,0.028556296286203455,0.007948092789160944,0.0026628958801310438,-1.1462606672930282,in_support
baseline_real_national_nonfood,16192.97519710852,fruit,水果,0.49914011119826446,0.49914011119826446,-0.5008598888017355,0.021096138741712803,0.017936763463803032,0.010534638782440719,-1.1462606672930282,in_support
baseline_real_national_nonfood,16192.97519710852,pork,猪肉,0.7337003785907397,0.7337003785907397,-0.26629962140926033,0.11019815005519162,0.01616345892688649,0.019802742342750874,-1.1462606672930282,in_support
baseline_real_national_nonfood,16192.97519710852,beef,牛肉,1.8085490211380073,1.8085490211380073,0.8085490211380073,0.003718686154374883,0.005447417948307171,0.014754742277080374,-1.1462606672930282,in_support
baseline_real_national_nonfood,16192.97519710852,mutton,羊肉,1.4946170427824528,1.4946170427824528,0.4946170427824528,0.004339008952723917,0.0032670023587326536,0.007335986315061895,-1.1462606672930282,in_support
baseline_real_national_nonfood,16192.97519710852,poultry,禽肉,0.23016118806413555,0.23016118806413555,-0.7698388119358645,0.017706309997159574,0.006969064851478276,0.000177679894916443,-1.1462606672930282,in_support
baseline_real_national_nonfood,16192.97519710852,aquatic,水产品,1.8233229537170903,1.8233229537170903,0.8233229537170903,0.010649173623532798,0.005943582214864817,0.016230252059808308,-1.1462606672930282,in_support
baseline_real_national_nonfood,16192.97519710852,egg,蛋类,0.8420489217729582,0.8420489217729582,-0.1579510782270418,0.018104255124173206,0.003113821963440243,0.004280489965659709,-1.1462606672930282,in_support
baseline_real_national_nonfood,16192.97519710852,milk,奶类,0.6624652672700905,0.6624652672700905,-0.3375347327299095,0.008665902968415604,0.001958728156512339,0.00015847889508618847,-1.1462606672930282,in_support
baseline_real_national_nonfood,16192.97519710852,nonfood,其他/未覆盖支出,1.1043822888149717,1.1043822888149717,0.10438228881497169,140.4174774070554,0.8671505742325158,0.9240083308239968,-1.1462606672930282,in_support
baseline_real_national_nonfood,18426.97608811655,grain,粮食/主粮,-0.4416240274613458,-0.4416240274613458,-1.4416240274613459,0.42401859057982033,0.0195527709796435,2.2127780962129557e-05,-0.7742245261808529,in_support
baseline_real_national_nonfood,18426.97608811655,oil,食用油,-0.04539985924966819,-0.04539985924966819,-1.0453998592496683,0.12560754482566705,0.03539063865804485,2.6364237246133035e-05,-0.7742245261808529,in_support
baseline_real_national_nonfood,18426.97608811655,vegetable,蔬菜,0.3507463260038449,0.3507463260038449,-0.6492536739961551,0.029993529768995265,0.0073360318141970915,0.0024018333161842063,-0.7742245261808529,in_support
baseline_real_national_nonfood,18426.97608811655,fruit,水果,0.42072636291379706,0.42072636291379706,-0.5792736370862029,0.022388072286727515,0.01672747490150836,0.009501853448504785,-0.7742245261808529,in_support
baseline_real_national_nonfood,18426.97608811655,pork,猪肉,0.5982876903836064,0.5982876903836064,-0.4017123096163936,0.1201082594899075,0.015481229614326415,0.0178613391028605,-0.7742245261808529,in_support
baseline_real_national_nonfood,18426.97608811655,beef,牛肉,1.3186133487318763,1.3186133487318763,0.3186133487318763,0.004543308589514877,0.005848520073771922,0.013308230275627338,-0.7742245261808529,in_support
baseline_real_national_nonfood,18426.97608811655,mutton,羊肉,1.1251068735330008,1.1251068735330008,0.12510687353300076,0.005134163776911243,0.003397044206730128,0.006616787562013119,-0.7742245261808529,in_support
baseline_real_national_nonfood,18426.97608811655,poultry,禽肉,0.20300029245071155,0.20300029245071155,-0.7969997075492885,0.0182073834051528,0.006297476541341943,0.00016026067500822468,-0.7742245261808529,in_support
baseline_real_national_nonfood,18426.97608811655,aquatic,水产品,1.3274167246774398,1.3274167246774398,0.32741672467743976,0.013029929326500192,0.006390679021390824,0.01463908537249927,-0.7742245261808529,in_support
baseline_real_national_nonfood,18426.97608811655,egg,蛋类,0.6787008065038095,0.6787008065038095,-0.3212991934961905,0.01997293913815711,0.003018753652677225,0.0038608431842283445,-0.7742245261808529,in_support
baseline_real_national_nonfood,18426.97608811655,milk,奶类,0.5554909891211025,0.5554909891211025,-0.4445090108788975,0.00937174622476743,0.0018614588613962157,0.0001429420853328059,-0.7742245261808529,in_support
baseline_real_national_nonfood,18426.97608811655,nonfood,其他/未覆盖支出,1.1004810219504468,1.1004810219504468,0.10048102195044684,161.91745591382409,0.8786979216749715,0.9314583329595332,-0.7742245261808529,in_support
baseline_real_national_nonfood,20000.0,grain,粮食/主粮,-0.43447652270598713,-0.43447652270598713,-1.434476522705987,0.40907802180294106,0.017380154752366452,2.0572927599328348e-05,-0.5595174929678786,in_support
baseline_real_national_nonfood,20000.0,oil,食用油,-0.04326486355654272,-0.04326486355654272,-1.0432648635565427,0.12515247606842564,0.03248898892472109,2.451170069897563e-05,-0.5595174929678786,in_support
baseline_real_national_nonfood,20000.0,vegetable,蔬菜,0.3153960643592345,0.3153960643592345,-0.6846039356407655,0.030822799879251014,0.006945920221477521,0.0022330636318246056,-0.5595174929678786,in_support
baseline_real_national_nonfood,20000.0,fruit,水果,0.37182219263000466,0.37182219263000466,-0.6281778073699953,0.023126540885795605,0.015920197157779408,0.00883418646406849,-0.5595174929678786,in_support
baseline_real_national_nonfood,20000.0,pork,猪肉,0.5130345222647807,0.5130345222647807,-0.48696547773521925,0.12569942671713144,0.014927598723796487,0.016606275921615836,-0.5595174929678786,in_support
baseline_real_national_nonfood,20000.0,beef,牛肉,1.079468141180608,1.079468141180608,0.07946814118060797,0.00501068596254834,0.005942853309007049,0.01237310051126435,-0.5595174929678786,in_support
baseline_real_national_nonfood,20000.0,mutton,羊肉,0.933690483290049,0.933690483290049,-0.066309516709951,0.0055847830749178595,0.003404566846227096,0.006151845577575327,-0.5595174929678786,in_support
baseline_real_national_nonfood,20000.0,poultry,禽肉,0.1889271136219675,0.1889271136219675,-0.8110728863780325,0.018501798031659786,0.005895994005322683,0.00014899963397171993,-0.5595174929678786,in_support
baseline_real_national_nonfood,20000.0,aquatic,水产品,1.085998295584961,1.085998295584961,0.08599829558496097,0.014379287553351163,0.006497800757124277,0.013610440378284999,-0.5595174929678786,in_support
baseline_real_national_nonfood,20000.0,egg,蛋类,0.5792733441827247,0.5792733441827247,-0.4207266558172753,0.021028277002334166,0.0029282857957651357,0.003589553215364343,-0.5595174929678786,in_support
baseline_real_national_nonfood,20000.0,milk,奶类,0.5029004898342062,0.5029004898342062,-0.4970995101657938,0.009786357150626816,0.0017909277282830679,0.0001328979700893522,-0.5595174929678786,in_support
baseline_real_national_nonfood,20000.0,nonfood,其他/未覆盖支出,1.0981516209394586,1.0981516209394586,0.09815162093945862,177.17534235562596,0.8858767117781298,0.9362745520676428,-0.5595174929678786,in_support
baseline_real_national_nonfood,22607.006571186335,grain,粮食/主粮,-0.4257690978578314,-0.4257690978578314,-1.4257690978578315,0.3880816233553797,0.014586715258108413,1.8265409615681975e-05,-0.261345793239776,in_support
baseline_real_national_nonfood,22607.006571186335,oil,食用油,-0.0404634237365042,-0.0404634237365042,-1.0404634237365042,0.12451255931288223,0.028595444044906247,2.176239873893324e-05,-0.261345793239776,in_support
baseline_real_national_nonfood,22607.006571186335,vegetable,蔬菜,0.26593020799952094,0.26593020799952094,-0.7340697920004791,0.031938820201103515,0.006367420171695114,0.0019825968733050165,-0.261345793239776,in_support
baseline_real_national_nonfood,22607.006571186335,fruit,水果,0.30248734053856313,0.30248734053856313,-0.6975126594614369,0.024100441082396087,0.014677418894432302,0.00784331902246096,-0.261345793239776,in_support
baseline_real_national_nonfood,22607.006571186335,pork,猪肉,0.39353056335077036,0.39353056335077036,-0.6064694366492296,0.13286106484317015,0.013958582542898059,0.014743668854852362,-0.261345793239776,in_support
baseline_real_national_nonfood,22607.006571186335,beef,牛肉,0.7935629693751927,0.7935629693751927,-0.20643703062480734,0.005615587616049588,0.00589223376374156,0.010985298420124984,-0.261345793239776,in_support
baseline_real_national_nonfood,22607.006571186335,mutton,羊肉,0.6962383440169713,0.6962383440169713,-0.30376165598302873,0.006167831135423229,0.003326403790759923,0.005461837107252711,-0.261345793239776,in_support
baseline_real_national_nonfood,22607.006571186335,poultry,禽肉,0.1704365626450206,0.1704365626450206,-0.8295634373549794,0.01891317622698543,0.005332053542370985,0.0001322874118882817,-0.261345793239776,in_support
baseline_real_national_nonfood,22607.006571186335,aquatic,水产品,0.797843002315627,0.797843002315627,-0.202156997684373,0.01612568908798293,0.006446652177154807,0.012083854733796329,-0.261345793239776,in_support
baseline_real_national_nonfood,22607.006571186335,egg,蛋类,0.4427851165622963,0.4427851165622963,-0.5572148834377038,0.022383109079644033,0.002757510138410664,0.003186938732922899,-0.261345793239776,in_support
baseline_real_national_nonfood,22607.006571186335,milk,奶类,0.437504415181539,0.437504415181539,-0.562495584818461,0.010365345920305984,0.001678138243507203,0.00011799175635333099,-0.261345793239776,in_support
baseline_real_national_nonfood,22607.006571186335,nonfood,其他/未覆盖支出,1.0941126869514826,1.0941126869514826,0.09411268695148256,202.64500820244942,0.8963814274320147,0.9434221792786885,-0.261345793239776,in_support
baseline_real_national_nonfood,30000.0,grain,粮食/主粮,-0.40467100434771097,-0.40467100434771097,-1.404671004347711,0.3450265645531073,0.009772569479014146,1.3395075786195895e-05,0.34612310758166176,in_support
baseline_real_national_nonfood,30000.0,oil,食用油,-0.034639436561209366,-0.034639436561209366,-1.0346394365612093,0.12319821388208806,0.021321114489561848,1.5959619112354662e-05,0.34612310758166176,in_support
baseline_real_national_nonfood,30000.0,vegetable,蔬菜,0.17377620965946633,0.17377620965946633,-0.8262237903405336,0.033960831188203665,0.00510205053861491,0.0014539523574984528,0.34612310758166176,in_support
baseline_real_national_nonfood,30000.0,fruit,水果,0.17511873637366998,0.17511873637366998,-0.8248812636263301,0.025752685642593254,0.011818681539881465,0.005751957110831745,0.34612310758166176,in_support
baseline_real_national_nonfood,30000.0,pork,猪肉,0.18226410008940452,0.18226410008940452,-0.8177358999105955,0.14379138548655335,0.0113840885279045,0.01081238066009557,0.34612310758166176,in_support
baseline_real_national_nonfood,30000.0,beef,牛肉,0.36870668702582626,0.36870668702582626,-0.6312933129741738,0.0065757898268693025,0.005199415093267365,0.008056151379447624,0.34612310758166176,in_support
baseline_real_national_nonfood,30000.0,mutton,羊肉,0.32872566356965477,0.32872566356965477,-0.6712743364303453,0.007092379539969903,0.0028824133863660775,0.00400547940193431,0.34612310758166176,in_support
baseline_real_national_nonfood,30000.0,poultry,禽肉,0.13485734366395463,0.13485734366395463,-0.8651426563360454,0.019743949119665077,0.0041945546932517334,9.701397040019702e-05,0.34612310758166176,in_support
baseline_real_national_nonfood,30000.0,aquatic,水产品,0.3704020936619124,0.3704020936619124,-0.6295979063380877,0.018897867189493035,0.005693122846609277,0.008861785930582884,0.34612310758166176,in_support
baseline_real_national_nonfood,30000.0,egg,蛋类,0.20685544899669345,0.20685544899669345,-0.7931445510033066,0.02446905492932844,0.002271620129326996,0.002337165535932683,0.34612310758166176,in_support
baseline_real_national_nonfood,30000.0,milk,奶类,0.324036480339161,0.324036480339161,-0.675963519660839,0.011532778424584262,0.0014070181135384485,8.653014368439161e-05,0.34612310758166176,in_support
baseline_real_national_nonfood,30000.0,nonfood,其他/未覆盖支出,1.080791763969077,1.080791763969077,0.08079176396907695,275.686005348799,0.9189533511626632,0.9585082288146936,0.34612310758166176,in_support
baseline_real_national_nonfood,39547.68791732077,grain,粮食/主粮,-0.38064451836502033,-0.38064451836502033,-1.3806445183650204,0.30954568816345307,0.0066509111806509185,9.652850078309458e-06,0.8541064343326401,in_support
baseline_real_national_nonfood,39547.68791732077,oil,食用油,-0.029547626067460028,-0.029547626067460028,-1.02954762606746,0.12211269113256402,0.016031215400387946,1.1500928629104277e-05,0.8541064343326401,in_support
baseline_real_national_nonfood,39547.68791732077,vegetable,蔬菜,0.11699168985054356,0.11699168985054356,-0.8830083101494565,0.03532844747743939,0.004026161153090906,0.0010477569781576384,0.8541064343326401,in_support
baseline_real_national_nonfood,39547.68791732077,fruit,水果,0.1013760279834183,0.1013760279834183,-0.8986239720165817,0.026727784958433684,0.009304855407996636,0.004145014222684956,0.8541064343326401,in_support
baseline_real_national_nonfood,39547.68791732077,pork,猪肉,0.06850097613435677,0.06850097613435677,-0.9314990238656432,0.148589922972146,0.008923904417335435,0.007791690854714874,0.8541064343326401,in_support
baseline_real_national_nonfood,39547.68791732077,beef,牛肉,0.16379792622805986,0.16379792622805986,-0.8362020737719401,0.007053019992858952,0.00423040393906027,0.005805478275390817,0.8541064343326401,in_support
baseline_real_national_nonfood,39547.68791732077,mutton,羊肉,0.14645775984526896,0.14645775984526896,-0.853542240154731,0.007550493526100123,0.002327768536250095,0.0028864556480130902,0.8541064343326401,in_support
baseline_real_national_nonfood,39547.68791732077,poultry,禽肉,0.10807634360121314,0.10807634360121314,-0.8919236563987869,0.020414231650063428,0.003289917696493353,6.991086326959868e-05,0.8541064343326401,in_support
baseline_real_national_nonfood,39547.68791732077,aquatic,水产品,0.16449846390248482,0.16449846390248482,-0.8355015360975152,0.02027565924530057,0.00463353985382054,0.006386040092594491,0.8541064343326401,in_support
baseline_real_national_nonfood,39547.68791732077,egg,蛋类,0.08148389079445303,0.08148389079445303,-0.9185161092055469,0.02541215286153068,0.0017896171294074937,0.001684224030281275,0.8541064343326401,in_support
baseline_real_national_nonfood,39547.68791732077,milk,奶类,0.247792244910831,0.247792244910831,-0.752207755089169,0.012472603883129364,0.0011543115108629887,6.235593717959971e-05,0.8541064343326401,in_support
baseline_real_national_nonfood,39547.68791732077,nonfood,其他/未覆盖支出,1.0647999252231648,1.0647999252231648,0.0647999252231648,370.813910286096,0.9376373937746433,0.9700999193190063,0.8541064343326401,in_support
baseline_real_national_nonfood,50000.0,grain,粮食/主粮,-0.3614761988462316,-0.3614761988462316,-1.3614761988462316,0.28376257929126536,0.004822393067490276,7.285749670200479e-06,1.2347256035585512,extrapolation
baseline_real_national_nonfood,50000.0,oil,食用油,-0.025917025932127292,-0.025917025932127292,-1.0259170259321273,0.12132271757455473,0.012597920716939617,8.68063694004566e-06,1.2347256035585512,extrapolation
baseline_real_national_nonfood,50000.0,vegetable,蔬菜,0.08814269883644842,0.08814269883644842,-0.9118573011635516,0.03617884469728823,0.0032611621261798944,0.0007908229171833551,1.2347256035585512,extrapolation
baseline_real_national_nonfood,50000.0,fruit,水果,0.06712968397850053,0.06712968397850053,-0.9328703160214995,0.027250791663250326,0.007503724454546183,0.003128561591748266,1.2347256035585512,extrapolation
baseline_real_national_nonfood,50000.0,pork,猪肉,0.02062566426541823,0.02062566426541823,-0.9793743357345818,0.15005594027645594,0.0071280352538429575,0.0058809894087762556,1.2347256035585512,extrapolation
baseline_real_national_nonfood,50000.0,beef,牛肉,0.07938812741566621,0.07938812741566621,-0.9206118725843337,0.007249015122636428,0.003439036797005131,0.004381841744888301,1.2347256035585512,extrapolation
baseline_real_national_nonfood,50000.0,mutton,羊肉,0.07063076010692775,0.07063076010692775,-0.9293692398930723,0.007737526452553267,0.0018867644940752124,0.0021786304681987506,1.2347256035585512,extrapolation
baseline_real_national_nonfood,50000.0,poultry,禽肉,0.09098260002339856,0.09098260002339856,-0.9090173999766015,0.020894423547593712,0.0026633821376815456,5.2767114880863704e-05,1.2347256035585512,extrapolation
baseline_real_national_nonfood,50000.0,aquatic,水产品,0.0797172012649594,0.0797172012649594,-0.9202827987350406,0.020841502252844642,0.00376719440697408,0.00482003647845485,1.2347256035585512,extrapolation
baseline_real_national_nonfood,50000.0,egg,蛋类,0.028754813114557503,0.028754813114557503,-0.9712451868854425,0.02572492723388751,0.0014329265114345372,0.0012712136388338647,1.2347256035585512,extrapolation
baseline_real_national_nonfood,50000.0,milk,奶类,0.20236445248812687,0.20236445248812687,-0.7976355475118732,0.013144876777294439,0.000962218073302708,4.706483008186069e-05,1.2347256035585512,extrapolation
baseline_real_national_nonfood,50000.0,nonfood,其他/未覆盖支出,1.051982725319527,1.051982725319527,0.05198272531952708,475.2676209802639,0.9505352419605277,0.9774321054203434,1.2347256035585512,extrapolation
baseline_real_national_nonfood,80000.0,grain,粮食/主粮,-0.33281173963091537,-0.33281173963091537,-1.3328117396309154,0.24117124485431954,0.0025616100926879465,4.202042692487811e-06,1.9011947286377908,extrapolation
baseline_real_national_nonfood,80000.0,oil,食用油,-0.02052272091876408,-0.02052272091876408,-1.0205227209187642,0.12001633332904987,0.007788917660289217,5.006541354179537e-06,1.9011947286377908,extrapolation
baseline_real_national_nonfood,80000.0,vegetable,蔬菜,0.05804086730121143,0.05804086730121143,-0.9419591326987886,0.037406498973154886,0.0021073893242192073,0.00045610565976401046,1.9011947286377908,extrapolation
baseline_real_national_nonfood,80000.0,fruit,水果,0.036288460671064275,0.036288460671064275,-0.9637115393289357,0.027885560761862885,0.004799070766531778,0.0018043921311726998,1.9011947286377908,extrapolation
baseline_real_national_nonfood,80000.0,pork,猪肉,-0.014316036719510475,-0.014316036719510475,-1.0143160367195105,0.14998171692296153,0.004452818410958738,0.0033918498011017285,1.9011947286377908,extrapolation
baseline_real_national_nonfood,80000.0,beef,牛肉,0.014810811803210483,0.014810811803210483,-0.9851891881967895,0.007386542975120863,0.0021901762398363585,0.002527219149328702,1.9011947286377908,extrapolation
baseline_real_national_nonfood,80000.0,mutton,羊肉,0.012441437461043542,0.012441437461043542,-0.9875585625389565,0.00786633710621748,0.0011988590314883415,0.0012565211066706814,1.9011947286377908,extrapolation
baseline_real_national_nonfood,80000.0,poultry,禽肉,0.0678994871532935,0.0678994871532935,-0.9321005128467065,0.02167915159426346,0.0017271314336792646,3.0433336242074993e-05,1.9011947286377908,extrapolation
baseline_real_national_nonfood,80000.0,aquatic,水产品,0.014869363637507597,0.014869363637507597,-0.9851306363624924,0.02123853415606842,0.0023993498079699495,0.0027799471541901833,1.9011947286377908,extrapolation
baseline_real_national_nonfood,80000.0,egg,蛋类,-0.010217985792335118,-0.010217985792335118,-1.010217985792335,0.025781489057330916,0.0008975481941753513,0.0007331701229731786,1.9011947286377908,extrapolation
baseline_real_national_nonfood,80000.0,milk,奶类,0.1444564591045848,0.1444564591045848,-0.8555435408954152,0.014242224975955104,0.0006515906590495202,2.7144553995254317e-05,1.9011947286377908,extrapolation
baseline_real_national_nonfood,80000.0,nonfood,其他/未覆盖支出,1.032261705985895,1.032261705985895,0.03226170598589495,775.3804307032914,0.9692255383791142,0.9869840084005148,1.9011947286377908,extrapolation
baseline_real_national_nonfood,120000.0,grain,粮食/主粮,-0.31738446408466214,-0.31738446408466214,-1.3173844640846621,0.21143620591015178,0.0014971854524538021,2.664385412345941e-06,2.41001661082712,extrapolation
baseline_real_national_nonfood,120000.0,oil,食用油,-0.017295913206105906,-0.017295913206105906,-1.017295913206106,0.1191036819328443,0.005153125111555985,3.174493151683119e-06,2.41001661082712,extrapolation
baseline_real_national_nonfood,120000.0,vegetable,蔬菜,0.045170056737457207,0.045170056737457207,-0.9548299432625428,0.038188464775296874,0.001434295557990919,0.0002892025034719885,2.41001661082712,extrapolation
baseline_real_national_nonfood,120000.0,fruit,水果,0.025832952650738046,0.025832952650738046,-0.974167047349262,0.028231524039195877,0.0032390737478357728,0.001144109287857334,2.41001661082712,extrapolation
baseline_real_national_nonfood,120000.0,pork,猪肉,-0.020597681508289126,-0.020597681508289126,-1.0205976815082891,0.1488713685410336,0.0029465687965359887,0.0021506671379327353,2.41001661082712,extrapolation
baseline_real_national_nonfood,120000.0,beef,牛肉,-0.0004578201713554697,-0.0004578201713554697,-1.0004578201713554,0.007403574322488077,0.0014634841247198936,0.001602431561990191,2.41001661082712,extrapolation
baseline_real_national_nonfood,120000.0,mutton,羊肉,-0.0012602525603220348,-0.0012602525603220348,-1.001260252560322,0.007879864281094738,0.0008006137488332924,0.0007967212025006936,2.41001661082712,extrapolation
baseline_real_national_nonfood,120000.0,poultry,禽肉,0.055183315310763294,0.055183315310763294,-0.9448166846892367,0.02222340065937565,0.001180327058315716,1.92968380062785e-05,2.41001661082712,extrapolation
baseline_real_national_nonfood,120000.0,aquatic,水产品,-0.0004615693811744406,-0.0004615693811744406,-1.0004615693811745,0.02128768775304842,0.0016032685101859854,0.0017626785796247405,2.41001661082712,extrapolation
baseline_real_national_nonfood,120000.0,egg,蛋类,-0.01773975178384742,-0.01773975178384742,-1.0177397517838473,0.025625844227830773,0.0005947530845292852,0.00046488051725649684,2.41001661082712,extrapolation
baseline_real_national_nonfood,120000.0,milk,奶类,0.1142052611687986,0.1142052611687986,-0.8857947388312014,0.015002744248182704,0.0004575899261399966,1.7211522819339398e-05,2.41001661082712,extrapolation
baseline_real_national_nonfood,120000.0,nonfood,其他/未覆盖支出,1.0211737180193006,1.0211737180193006,0.02117371801930057,1175.555657857084,0.9796297148809033,0.9917469619699761,2.41001661082712,extrapolation
baseline_real_national_nonfood,160000.0,grain,粮食/主粮,-0.3098355867482901,-0.3098355867482901,-1.30983558674829,0.19320560607715787,0.001026070564071799,1.9463063933850964e-06,2.747974027746987,extrapolation
baseline_real_national_nonfood,160000.0,oil,食用油,-0.015503267062924868,-0.015503267062924868,-1.015503267062925,0.11854401325425554,0.003846682917008174,2.318934898925893e-06,2.747974027746987,extrapolation
baseline_real_national_nonfood,160000.0,vegetable,蔬菜,0.03915192224493593,0.03915192224493593,-0.9608480777550641,0.0386528427871408,0.0010888026208868407,0.00021125948178604708,2.747974027746987,extrapolation
baseline_real_national_nonfood,160000.0,fruit,水果,0.021730760019048986,0.021730760019048986,-0.978269239980951,0.028424165262002067,0.0024458819698275525,0.0008357601762003924,2.747974027746987,extrapolation
baseline_real_national_nonfood,160000.0,pork,猪肉,-0.020905512338273254,-0.020905512338273254,-1.0209055123382733,0.14797858432620797,0.002196673628739048,0.0015710404287629476,2.747974027746987,extrapolation
baseline_real_national_nonfood,160000.0,beef,牛肉,-0.004021414845505552,-0.004021414845505552,-1.0040214148455056,0.007398195567228294,0.0010968156689524272,0.0011705599271081095,2.747974027746987,extrapolation
baseline_real_national_nonfood,160000.0,mutton,羊肉,-0.004409141526086992,-0.004409141526086992,-1.004409141526087,0.007872854241133168,0.0005999261335440185,0.0005819967197640645,2.747974027746987,extrapolation
baseline_real_national_nonfood,160000.0,poultry,禽肉,0.04844517123322032,0.04844517123322032,-0.9515548287667797,0.022556358141524097,0.0008985082973879413,1.409614352702361e-05,2.747974027746987,extrapolation
baseline_real_national_nonfood,160000.0,aquatic,水产品,-0.004039574774561134,-0.004039574774561134,-1.0040395747745612,0.021272147890353615,0.0012015736015671546,0.001287618740558227,2.747974027746987,extrapolation
baseline_real_national_nonfood,160000.0,egg,蛋类,-0.01849851245799094,-0.01849851245799094,-1.0184985124579908,0.02549133211947619,0.0004437233834725731,0.00033959048068043254,2.747974027746987,extrapolation
baseline_real_national_nonfood,160000.0,milk,奶类,0.09869007205247299,0.09869007205247299,-0.901309927947527,0.015467899773959822,0.00035383302204684174,1.2572842032519088e-05,2.747974027746987,extrapolation
baseline_real_national_nonfood,160000.0,nonfood,其他/未覆盖支出,1.0157065702098982,1.0157065702098982,0.015706570209898185,1575.6824131079932,0.9848015081924958,0.9939712398182879,2.747974027746987,extrapolation
baseline_real_national_nonfood,200000.0,grain,粮食/主粮,-0.30521068436325177,-0.30521068436325177,-1.3052106843632518,0.18039501388632195,0.0007664291628480319,1.5319459966763487e-06,3.0009140441801385,extrapolation
baseline_real_national_nonfood,200000.0,oil,食用油,-0.014307348089596696,-0.014307348089596696,-1.0143073480895968,0.11815070634890311,0.003067136272972161,1.8252434699060772e-06,3.0009140441801385,extrapolation
baseline_real_national_nonfood,200000.0,vegetable,蔬菜,0.03547089876640763,0.03547089876640763,-0.9645291012335924,0.038975509721308234,0.0008783133984459007,0.00016628323191148238,3.0009140441801385,extrapolation
baseline_real_national_nonfood,200000.0,fruit,水果,0.019469494880160622,0.019469494880160622,-0.9805305051198394,0.028554810515648905,0.001965699130955546,0.0006578303706257122,3.0009140441801385,extrapolation
baseline_real_national_nonfood,200000.0,pork,猪肉,-0.020216129371899785,-0.020216129371899785,-1.0202161293718999,0.1472997902156305,0.0017492777953446782,0.001236572568245113,3.0009140441801385,extrapolation
baseline_real_national_nonfood,200000.0,beef,牛肉,-0.005040271405631285,-0.005040271405631285,-1.0050402714056312,0.00739057789196424,0.000876549051547357,0.0009213526710376569,3.0009140441801385,extrapolation
baseline_real_national_nonfood,200000.0,mutton,羊肉,-0.005275867676225748,-0.005275867676225748,-1.0052758676762257,0.007864215720044917,0.00047941428973831125,0.00045809208044096265,3.0009140441801385,extrapolation
baseline_real_national_nonfood,200000.0,poultry,禽肉,0.04408089188944998,0.04408089188944998,-0.95591910811055,0.0227901511725909,0.0007262569533191437,1.1095134208155658e-05,3.0009140441801385,extrapolation
baseline_real_national_nonfood,200000.0,aquatic,水产品,-0.005062499051947255,-0.005062499051947255,-1.0050624990519472,0.02125014725438799,0.0009602647030059889,0.0010134901583572647,3.0009140441801385,extrapolation
baseline_real_national_nonfood,200000.0,egg,蛋类,-0.018045957181640086,-0.018045957181640086,-1.01804595718164,0.025387328721552915,0.0003535304108819361,0.0002672931040846928,3.0009140441801385,extrapolation
baseline_real_national_nonfood,200000.0,milk,奶类,0.08884967570224798,0.08884967570224798,-0.911150324297752,0.015794491557650794,0.0002890431286060091,9.896137157039478e-06,3.0009140441801385,extrapolation
baseline_real_national_nonfood,200000.0,nonfood,其他/未覆盖支出,1.012467151358525,1.012467151358525,0.012467151358525053,1975.77617140467,0.9878880857023351,0.9952547373544653,3.0009140441801385,extrapolation
