subgroup,food_group10,expenditure,own_price,n
low_income,G01_主食,1.05594292009342,-1.03163566152794,182410
low_income,G02_食用油,1.2142388179139,-0.781665214061007,182410
low_income,G03_蔬菜,0.598341080956632,-0.820619370101044,182410
low_income,G04_水果,0.886268517340576,-1.07715530840313,182410
low_income,G05_猪肉,1.01993758403583,-0.657942140367607,182410
low_income,G06_禽类及其他肉类,1.0308077233348,-1.14639828083796,182410
low_income,G07_牛羊肉,1.45534914956894,-0.764104396438784,182410
low_income,G08_海鲜,0.969145368081259,-0.917624111284619,182410
low_income,G09_乳制品,0.997204170342806,-1.00611938763236,182410
non_low_income,G01_主食,0.990956552792229,-1.10547865329379,401258
non_low_income,G02_食用油,1.1951215427206,-0.77611887946067,401258
non_low_income,G03_蔬菜,0.708670828732592,-0.816575275545712,401258
non_low_income,G04_水果,0.879708127500369,-1.0795181354154,401258
non_low_income,G05_猪肉,1.02130264841203,-0.636902449449597,401258
non_low_income,G06_禽类及其他肉类,1.03419659614927,-1.16096877120081,401258
non_low_income,G07_牛羊肉,1.42951833513732,-0.734419007873775,401258
non_low_income,G08_海鲜,0.987714003286933,-0.946794063996074,401258
non_low_income,G09_乳制品,0.944416644093957,-1.0006701057396,401258
elderly,G01_主食,1.13177198774741,-0.755828001533558,137581
elderly,G02_食用油,1.17716284015559,-0.7412732624654,137581
elderly,G03_蔬菜,0.511606640868968,-0.8293736380234,137581
elderly,G04_水果,0.905867697550561,-1.10425459183197,137581
elderly,G05_猪肉,1.0056813960858,-0.619141080637826,137581
elderly,G06_禽类及其他肉类,1.03834447682537,-1.09154436828202,137581
elderly,G07_牛羊肉,1.42928389379095,-0.821307171728566,137581
elderly,G08_海鲜,0.938981069293887,-0.868047576738008,137581
elderly,G09_乳制品,1.06056334957193,-1.01081803707181,137581
non_elderly,G01_主食,0.939316744799277,-1.28464475523549,446087
non_elderly,G02_食用油,1.21518361179559,-0.798792288090393,446087
non_elderly,G03_蔬菜,0.766014606958707,-0.81112758430745,446087
non_elderly,G04_水果,0.868627046328639,-1.06436641756895,446087
non_elderly,G05_猪肉,1.03054214968645,-0.660668308999262,446087
non_elderly,G06_禽类及其他肉类,1.03021279386317,-1.19133658959493,446087
non_elderly,G07_牛羊肉,1.44262329534892,-0.70077178548259,446087
non_elderly,G08_海鲜,1.00764643294793,-0.979403583683841,446087
non_elderly,G09_乳制品,0.905636588122683,-0.997714698099983,446087
large_family,G01_主食,0.707900818478437,-1.8581760457144,99142
large_family,G02_食用油,1.19504465447031,-0.80959983596999,99142
large_family,G03_蔬菜,1.11882010954793,-0.828014392760705,99142
large_family,G04_水果,0.796875737022042,-1.04074406792461,99142
large_family,G05_猪肉,1.04064536445831,-0.717776466674597,99142
large_family,G06_禽类及其他肉类,0.998910079594695,-1.26729948890511,99142
large_family,G07_牛羊肉,1.44227586725707,-0.591998677101838,99142
large_family,G08_海鲜,1.03181531556793,-1.06904158115045,99142
large_family,G09_乳制品,0.708763579552183,-0.986060683557477,99142
small_family,G01_主食,1.03982318607341,-1.01371920160851,484526
small_family,G02_食用油,1.20206450326734,-0.774632005831784,484526
small_family,G03_蔬菜,0.617603266722803,-0.816783316495554,484526
small_family,G04_水果,0.889601542810804,-1.08207987614938,484526
small_family,G05_猪肉,1.01871617254119,-0.636656389856175,484526
small_family,G06_禽类及其他肉类,1.03694503587854,-1.14358859416549,484526
small_family,G07_牛羊肉,1.43736068813081,-0.760448714601427,484526
small_family,G08_海鲜,0.977068518068231,-0.924699474228165,484526
small_family,G09_乳制品,0.983055288128311,-1.00384314109256,484526
xq1,G01_主食,0.832073846373459,-2.21773203452136,116749
xq1,G02_食用油,1.61778267033265,-1.06160394005075,116749
xq1,G03_蔬菜,0.79338977360228,-0.846403996546952,116749
xq1,G04_水果,0.849194970136774,-0.954586119994868,116749
xq1,G05_猪肉,1.27011412882096,-0.960505711103134,116749
xq1,G06_禽类及其他肉类,1.25203773124646,-1.51103365963218,116749
xq1,G07_牛羊肉,1.9393612350975,-0.274022614936666,116749
xq1,G08_海鲜,1.44494469484829,-1.39304211289149,116749
xq1,G09_乳制品,0.808901610634159,-0.980560905234785,116749
xq2,G01_主食,0.776853024068688,-2.05078272399558,116859
xq2,G02_食用油,1.45808859485571,-0.989195628908566,116859
xq2,G03_蔬菜,0.857535271681914,-0.78703064000738,116859
xq2,G04_水果,0.793210166710097,-0.989944997207835,116859
xq2,G05_猪肉,1.14651744485758,-0.845197523356469,116859
xq2,G06_禽类及其他肉类,1.13988538540461,-1.4138920572898,116859
xq2,G07_牛羊肉,1.74671920565489,-0.414005417693238,116859
xq2,G08_海鲜,1.26476455037327,-1.2428869625091,116859
xq2,G09_乳制品,0.77356971123177,-0.981375612604664,116859
xq3,G01_主食,0.798457102363954,-1.80130817385813,116593
xq3,G02_食用油,1.35610828295387,-0.928100862821536,116593
xq3,G03_蔬菜,0.838006476291033,-0.780341189434049,116593
xq3,G04_水果,0.797783221522513,-1.02329119806336,116593
xq3,G05_猪肉,1.08096361426293,-0.765289874769045,116593
xq3,G06_禽类及其他肉类,1.08104626669477,-1.33220138934782,116593
xq3,G07_牛羊肉,1.62585421347514,-0.51788229456937,116593
xq3,G08_海鲜,1.14835063361528,-1.13574463862029,116593
xq3,G09_乳制品,0.800237338004514,-0.986801414599332,116593
xq4,G01_主食,0.882667614483673,-1.41072063802697,116733
xq4,G02_食用油,1.25556325446821,-0.854058991286665,116733
xq4,G03_蔬菜,0.78525835094521,-0.794722765277702,116733
xq4,G04_水果,0.831114788068373,-1.06105893857927,116733
xq4,G05_猪肉,1.03055609677985,-0.688685037531603,116733
xq4,G06_禽类及其他肉类,1.038456506623,-1.24059045597522,116733
xq4,G07_牛羊肉,1.52161208219854,-0.623761481293742,116733
xq4,G08_海鲜,1.04504088639046,-1.02924959947823,116733
xq4,G09_乳制品,0.870363828060522,-0.995653643487376,116733
xq5,G01_主食,1.21390827507901,-0.366384711021372,116734
xq5,G02_食用油,1.05039347815555,-0.632461587462923,116734
xq5,G03_蔬菜,0.523494488022486,-0.84382163244156,116734
xq5,G04_水果,0.950128663399883,-1.13068562740672,116734
xq5,G05_猪肉,0.973555895534081,-0.553986620428784,116734
xq5,G06_禽类及其他肉类,0.997544843431928,-1.03456088727766,116734
xq5,G07_牛羊肉,1.34548489522871,-0.856362483925012,116734
xq5,G08_海鲜,0.878951015655967,-0.814608026997936,116734
xq5,G09_乳制品,1.11854124066708,-1.01808349104681,116734
inc1,G01_主食,1.04999859783177,-1.0630224082118,82983
inc1,G02_食用油,1.22185945777882,-0.789829058154664,82983
inc1,G03_蔬菜,0.602061275484011,-0.821257859203506,82983
inc1,G04_水果,0.882401678360638,-1.07392504646382,82983
inc1,G05_猪肉,1.02031882685828,-0.660765541577726,82983
inc1,G06_禽类及其他肉类,1.02924454579582,-1.15404741352204,82983
inc1,G07_牛羊肉,1.46186092901384,-0.757979467788932,82983
inc1,G08_海鲜,0.976397252432643,-0.925924558514142,82983
inc1,G09_乳制品,0.993726567071168,-1.00601340557865,82983
inc2,G01_主食,1.06076179448424,-1.00619141689438,99427
inc2,G02_食用油,1.20796282627043,-0.774941865599604,99427
inc2,G03_蔬菜,0.595235922730466,-0.820086438375502,99427
inc2,G04_水果,0.889461318294476,-1.07982249559519,99427
inc2,G05_猪肉,1.01962617067841,-0.655635880948891,99427
inc2,G06_禽类及其他肉类,1.03204952522123,-1.14032174304251,99427
inc2,G07_牛羊肉,1.45007148922687,-0.769068522344243,99427
inc2,G08_海鲜,0.963459683978093,-0.911116323987572,99427
inc2,G09_乳制品,1.00004707819355,-1.00620602696098,99427
inc3,G01_主食,1.03585519203908,-1.00589855565436,103395
inc3,G02_食用油,1.19643727225268,-0.770256771797256,103395
inc3,G03_蔬菜,0.655233988229286,-0.82469053076764,103395
inc3,G04_水果,0.884687436338754,-1.0834156657145,103395
inc3,G05_猪肉,1.01381701761825,-0.626283602882438,103395
inc3,G06_禽类及其他肉类,1.01955173670066,-1.14398987170386,103395
inc3,G07_牛羊肉,1.431480817662,-0.761219593180615,103395
inc3,G08_海鲜,0.977261704381004,-0.924749932913089,103395
inc3,G09_乳制品,0.980304202077971,-1.0040641635538,103395
inc4,G01_主食,1.00054737303197,-1.08414158827518,110455
inc4,G02_食用油,1.1963659623956,-0.775023383361526,110455
inc4,G03_蔬菜,0.694853036551904,-0.817135058245612,110455
inc4,G04_水果,0.880041347433264,-1.08001790741987,110455
inc4,G05_猪肉,1.01935473966145,-0.634640299624566,110455
inc4,G06_禽类及其他肉类,1.03250586761305,-1.1585515727715,110455
inc4,G07_牛羊肉,1.43328878861016,-0.738743543626688,110455
inc4,G08_海鲜,0.987577884658558,-0.943634145332344,110455
inc4,G09_乳制品,0.951246896399321,-1.00154894274309,110455
inc5,G01_主食,0.954371345577732,-1.18666439099965,187408
inc5,G02_食用油,1.19350302880218,-0.78047906552186,187408
inc5,G03_蔬菜,0.754407767413791,-0.810664954318712,187408
inc5,G04_水果,0.876156901056529,-1.07657940828344,187408
inc5,G05_猪肉,1.02745263451403,-0.645298406641378,187408
inc5,G06_禽类及其他肉类,1.04381521091397,-1.17240174799146,187408
inc5,G07_牛羊肉,1.42579788548917,-0.714294249239639,187408
inc5,G08_海鲜,0.994338093274918,-0.962600178325616,187408
inc5,G09_乳制品,0.916311505436182,-0.997859574185397,187408
