draw,success,nll,message,elapsed_seconds,n_sampled_provinces,n_unique_sampled_provinces
1,True,-4542.342248394967,CONVERGENCE: RELATIVE REDUCTION OF F <= FACTR*EPSMCH,32.066118001937866,31,20
2,True,-4730.660368291411,CONVERGENCE: RELATIVE REDUCTION OF F <= FACTR*EPSMCH,45.21787214279175,31,17
3,True,1000000000000.0,CONVERGENCE: NORM OF PROJECTED GRADIENT <= PGTOL,1.3615798950195312,31,21
4,True,-4991.905773682621,CONVERGENCE: RELATIVE REDUCTION OF F <= FACTR*EPSMCH,62.08132243156433,31,19
5,False,-4446.00401716728,ABNORMAL: ,29.302165031433105,31,23
6,True,1000000000000.0,CONVERGENCE: NORM OF PROJECTED GRADIENT <= PGTOL,1.256917953491211,31,22
7,True,-4959.288607598938,CONVERGENCE: RELATIVE REDUCTION OF F <= FACTR*EPSMCH,269.2720067501068,31,19
8,True,-4673.178869012037,CONVERGENCE: RELATIVE REDUCTION OF F <= FACTR*EPSMCH,39.054455041885376,31,22
9,True,-4620.185272257161,CONVERGENCE: RELATIVE REDUCTION OF F <= FACTR*EPSMCH,22.158893823623657,31,19
10,False,-4555.3886966971695,ABNORMAL: ,155.66753602027893,31,19
11,True,-4522.015281118914,CONVERGENCE: RELATIVE REDUCTION OF F <= FACTR*EPSMCH,47.43931794166565,31,20
12,True,-4793.94326197262,CONVERGENCE: RELATIVE REDUCTION OF F <= FACTR*EPSMCH,266.179612159729,31,20
13,True,-4383.529412628092,CONVERGENCE: RELATIVE REDUCTION OF F <= FACTR*EPSMCH,45.902761936187744,31,18
14,True,1000000000000.0,CONVERGENCE: NORM OF PROJECTED GRADIENT <= PGTOL,1.459536075592041,31,19
15,True,1000000000000.0,CONVERGENCE: NORM OF PROJECTED GRADIENT <= PGTOL,1.477992057800293,31,21
16,True,-4919.688527390503,CONVERGENCE: RELATIVE REDUCTION OF F <= FACTR*EPSMCH,94.41719198226927,31,19
17,False,-4458.246757667746,ABNORMAL: ,29.768005847930908,31,18
18,True,1000000000000.0,CONVERGENCE: NORM OF PROJECTED GRADIENT <= PGTOL,1.2090487480163574,31,19
19,False,-4728.9753661641425,ABNORMAL: ,33.018430948257446,31,21
20,True,-4389.930821778936,CONVERGENCE: RELATIVE REDUCTION OF F <= FACTR*EPSMCH,50.996171951293945,31,21
21,True,-4435.612628372084,CONVERGENCE: RELATIVE REDUCTION OF F <= FACTR*EPSMCH,33.22036123275757,31,19
22,True,-4706.650194724826,CONVERGENCE: RELATIVE REDUCTION OF F <= FACTR*EPSMCH,80.45683908462524,31,18
23,True,-4375.51518870272,CONVERGENCE: RELATIVE REDUCTION OF F <= FACTR*EPSMCH,31.24427318572998,31,22
24,True,-4462.803400181912,CONVERGENCE: RELATIVE REDUCTION OF F <= FACTR*EPSMCH,24.455690145492554,31,17
25,True,-4866.5263895156595,CONVERGENCE: RELATIVE REDUCTION OF F <= FACTR*EPSMCH,114.53049683570862,31,20
26,True,1000000000000.0,CONVERGENCE: NORM OF PROJECTED GRADIENT <= PGTOL,1.0470919609069824,31,18
27,True,1000000000000.0,CONVERGENCE: NORM OF PROJECTED GRADIENT <= PGTOL,1.092237949371338,31,19
28,True,-4238.509365539697,CONVERGENCE: RELATIVE REDUCTION OF F <= FACTR*EPSMCH,59.161672830581665,31,19
29,True,1000000000000.0,CONVERGENCE: NORM OF PROJECTED GRADIENT <= PGTOL,1.0786800384521484,31,17
30,True,-5120.206649065749,CONVERGENCE: RELATIVE REDUCTION OF F <= FACTR*EPSMCH,108.93469285964966,31,18
31,False,-4542.132973968952,ABNORMAL: ,154.46194529533386,31,21
32,True,-5057.212990366418,CONVERGENCE: RELATIVE REDUCTION OF F <= FACTR*EPSMCH,274.36652302742004,31,18
33,True,-4814.0582286329745,CONVERGENCE: RELATIVE REDUCTION OF F <= FACTR*EPSMCH,65.45919394493103,31,20
34,True,-4497.575723747671,CONVERGENCE: RELATIVE REDUCTION OF F <= FACTR*EPSMCH,39.72856402397156,31,20
35,True,1000000000000.0,CONVERGENCE: NORM OF PROJECTED GRADIENT <= PGTOL,1.357131004333496,31,17
36,True,1000000000000.0,CONVERGENCE: NORM OF PROJECTED GRADIENT <= PGTOL,1.29276704788208,31,20
37,True,-4580.297151922671,CONVERGENCE: RELATIVE REDUCTION OF F <= FACTR*EPSMCH,34.31926727294922,31,19
38,True,-4726.770728528662,CONVERGENCE: RELATIVE REDUCTION OF F <= FACTR*EPSMCH,169.1650161743164,31,20
39,True,-4394.876447375409,CONVERGENCE: RELATIVE REDUCTION OF F <= FACTR*EPSMCH,47.99845910072327,31,22
40,True,1000000000000.0,CONVERGENCE: NORM OF PROJECTED GRADIENT <= PGTOL,1.25469708442688,31,20
41,False,-4212.217646725568,ABNORMAL: ,29.090553998947144,31,20
42,True,-4864.438154354226,CONVERGENCE: RELATIVE REDUCTION OF F <= FACTR*EPSMCH,302.65090894699097,31,21
43,True,-4893.247924729176,CONVERGENCE: RELATIVE REDUCTION OF F <= FACTR*EPSMCH,422.7336120605469,31,20
44,False,-4536.371937964904,ABNORMAL: ,210.05978798866272,31,22
45,True,1000000000000.0,CONVERGENCE: NORM OF PROJECTED GRADIENT <= PGTOL,0.9772951602935792,31,20
46,True,-4473.213782064289,CONVERGENCE: RELATIVE REDUCTION OF F <= FACTR*EPSMCH,42.718098163604736,31,19
47,True,-4884.125194949976,CONVERGENCE: RELATIVE REDUCTION OF F <= FACTR*EPSMCH,259.4100489616394,31,21
48,True,-4829.04185020373,CONVERGENCE: RELATIVE REDUCTION OF F <= FACTR*EPSMCH,101.23505997657776,31,20
49,True,-4945.771650162818,CONVERGENCE: RELATIVE REDUCTION OF F <= FACTR*EPSMCH,274.60002517700195,31,18
50,True,1000000000000.0,CONVERGENCE: NORM OF PROJECTED GRADIENT <= PGTOL,1.3419249057769775,31,16
51,True,-4785.489327286692,CONVERGENCE: RELATIVE REDUCTION OF F <= FACTR*EPSMCH,108.68084764480592,31,19
52,True,1000000000000.0,CONVERGENCE: NORM OF PROJECTED GRADIENT <= PGTOL,1.2811970710754397,31,19
53,True,1000000000000.0,CONVERGENCE: NORM OF PROJECTED GRADIENT <= PGTOL,1.2451059818267822,31,20
54,True,-4677.123559728071,CONVERGENCE: RELATIVE REDUCTION OF F <= FACTR*EPSMCH,26.712290048599243,31,19
55,True,-4908.146247781035,CONVERGENCE: RELATIVE REDUCTION OF F <= FACTR*EPSMCH,285.3296158313751,31,17
56,True,-4866.762106121477,CONVERGENCE: RELATIVE REDUCTION OF F <= FACTR*EPSMCH,313.7962498664856,31,19
57,True,1000000000000.0,CONVERGENCE: NORM OF PROJECTED GRADIENT <= PGTOL,1.2872869968414309,31,21
58,True,1000000000000.0,CONVERGENCE: NORM OF PROJECTED GRADIENT <= PGTOL,1.2943532466888428,31,24
59,False,-4579.112868008178,ABNORMAL: ,29.00239586830139,31,18
60,True,-4457.764218684259,CONVERGENCE: RELATIVE REDUCTION OF F <= FACTR*EPSMCH,30.92665982246399,31,19
61,True,-4481.447998245523,CONVERGENCE: RELATIVE REDUCTION OF F <= FACTR*EPSMCH,28.368278980255127,31,20
62,True,-4823.3588150633395,CONVERGENCE: RELATIVE REDUCTION OF F <= FACTR*EPSMCH,101.44604992866516,31,21
63,True,-4659.146694089302,CONVERGENCE: RELATIVE REDUCTION OF F <= FACTR*EPSMCH,296.420206785202,31,18
64,True,-5090.823983902744,CONVERGENCE: RELATIVE REDUCTION OF F <= FACTR*EPSMCH,179.5357608795166,31,18
65,True,1000000000000.0,CONVERGENCE: NORM OF PROJECTED GRADIENT <= PGTOL,1.257727861404419,31,19
66,True,-4522.944463583908,CONVERGENCE: RELATIVE REDUCTION OF F <= FACTR*EPSMCH,38.11829113960266,31,17
67,True,-4850.012623844,CONVERGENCE: RELATIVE REDUCTION OF F <= FACTR*EPSMCH,326.2865252494812,31,19
68,True,-4648.629125068528,CONVERGENCE: RELATIVE REDUCTION OF F <= FACTR*EPSMCH,88.604660987854,31,20
69,True,-5027.297839200487,CONVERGENCE: RELATIVE REDUCTION OF F <= FACTR*EPSMCH,582.0293698310852,31,19
70,True,1000000000000.0,CONVERGENCE: NORM OF PROJECTED GRADIENT <= PGTOL,1.2973182201385498,31,20
71,True,-4789.2132403133555,CONVERGENCE: RELATIVE REDUCTION OF F <= FACTR*EPSMCH,378.78486800193787,31,20
72,True,1000000000000.0,CONVERGENCE: NORM OF PROJECTED GRADIENT <= PGTOL,1.3000719547271729,31,20
73,True,-4340.205018664909,CONVERGENCE: RELATIVE REDUCTION OF F <= FACTR*EPSMCH,21.398914098739624,31,22
74,True,1000000000000.0,CONVERGENCE: NORM OF PROJECTED GRADIENT <= PGTOL,1.3313021659851074,31,18
75,True,-4644.889435410144,CONVERGENCE: RELATIVE REDUCTION OF F <= FACTR*EPSMCH,276.30775213241577,31,19
76,True,-4820.79790210912,CONVERGENCE: RELATIVE REDUCTION OF F <= FACTR*EPSMCH,418.9914281368256,31,17
77,True,-5058.856295888671,CONVERGENCE: RELATIVE REDUCTION OF F <= FACTR*EPSMCH,390.2348918914795,31,17
78,True,1000000000000.0,CONVERGENCE: NORM OF PROJECTED GRADIENT <= PGTOL,1.0001060962677002,31,22
79,True,-4915.159285659498,CONVERGENCE: RELATIVE REDUCTION OF F <= FACTR*EPSMCH,577.8992700576782,31,20
80,True,-4585.883498372721,CONVERGENCE: RELATIVE REDUCTION OF F <= FACTR*EPSMCH,191.93585109710693,31,20
81,True,1000000000000.0,CONVERGENCE: NORM OF PROJECTED GRADIENT <= PGTOL,1.024724006652832,31,21
82,True,-4677.284931888621,CONVERGENCE: RELATIVE REDUCTION OF F <= FACTR*EPSMCH,36.40356397628784,31,20
83,True,1000000000000.0,CONVERGENCE: NORM OF PROJECTED GRADIENT <= PGTOL,0.9270510673522948,31,19
84,True,-5040.468952426518,CONVERGENCE: RELATIVE REDUCTION OF F <= FACTR*EPSMCH,80.97446012496948,31,20
85,False,-4894.38935659894,ABNORMAL: ,147.57866597175598,31,21
86,True,-4634.756019522153,CONVERGENCE: RELATIVE REDUCTION OF F <= FACTR*EPSMCH,41.378602027893066,31,19
87,True,1000000000000.0,CONVERGENCE: NORM OF PROJECTED GRADIENT <= PGTOL,0.9756338596343994,31,21
88,True,-4516.433572222308,CONVERGENCE: RELATIVE REDUCTION OF F <= FACTR*EPSMCH,31.958244800567627,31,24
89,True,1000000000000.0,CONVERGENCE: NORM OF PROJECTED GRADIENT <= PGTOL,0.9429707527160645,31,18
90,True,-4979.03301945262,CONVERGENCE: RELATIVE REDUCTION OF F <= FACTR*EPSMCH,172.33796095848083,31,19
91,True,-4842.709119676764,CONVERGENCE: RELATIVE REDUCTION OF F <= FACTR*EPSMCH,255.187175989151,31,19
92,True,1000000000000.0,CONVERGENCE: NORM OF PROJECTED GRADIENT <= PGTOL,0.9475667476654052,31,22
93,True,1000000000000.0,CONVERGENCE: NORM OF PROJECTED GRADIENT <= PGTOL,0.9252221584320068,31,22
94,True,-4833.44827095681,CONVERGENCE: RELATIVE REDUCTION OF F <= FACTR*EPSMCH,14.887484788894652,31,17
95,True,1000000000000.0,CONVERGENCE: NORM OF PROJECTED GRADIENT <= PGTOL,0.9303150177001952,31,18
96,True,-4827.260692102567,CONVERGENCE: RELATIVE REDUCTION OF F <= FACTR*EPSMCH,210.15483498573303,31,19
97,True,1000000000000.0,CONVERGENCE: NORM OF PROJECTED GRADIENT <= PGTOL,0.93839693069458,31,18
98,False,-4516.220563696152,ABNORMAL: ,77.24363112449646,31,23
99,True,-4687.991521681787,CONVERGENCE: RELATIVE REDUCTION OF F <= FACTR*EPSMCH,18.07917594909668,31,20
100,True,1000000000000.0,CONVERGENCE: NORM OF PROJECTED GRADIENT <= PGTOL,0.9237990379333496,31,20
101,True,-4954.411572239846,CONVERGENCE: RELATIVE REDUCTION OF F <= FACTR*EPSMCH,89.23622393608093,31,19
102,True,-4936.196598992143,CONVERGENCE: RELATIVE REDUCTION OF F <= FACTR*EPSMCH,211.19005513191223,31,20
103,True,1000000000000.0,CONVERGENCE: NORM OF PROJECTED GRADIENT <= PGTOL,0.9162807464599608,31,19
104,True,-4508.917044890694,CONVERGENCE: RELATIVE REDUCTION OF F <= FACTR*EPSMCH,49.044049978256226,31,19
105,True,-4538.086973040832,CONVERGENCE: RELATIVE REDUCTION OF F <= FACTR*EPSMCH,37.106621980667114,31,21
106,True,1000000000000.0,CONVERGENCE: NORM OF PROJECTED GRADIENT <= PGTOL,0.8970770835876465,31,19
107,True,-4454.846598970057,CONVERGENCE: RELATIVE REDUCTION OF F <= FACTR*EPSMCH,42.9859778881073,31,18
108,True,-4908.057676314294,CONVERGENCE: RELATIVE REDUCTION OF F <= FACTR*EPSMCH,288.2107799053192,31,20
109,True,-4566.2255860565,CONVERGENCE: RELATIVE REDUCTION OF F <= FACTR*EPSMCH,79.86601614952087,31,17
110,True,1000000000000.0,CONVERGENCE: NORM OF PROJECTED GRADIENT <= PGTOL,0.9213440418243408,31,19
111,True,-4766.452214914639,CONVERGENCE: RELATIVE REDUCTION OF F <= FACTR*EPSMCH,209.7309126853943,31,16
112,True,1000000000000.0,CONVERGENCE: NORM OF PROJECTED GRADIENT <= PGTOL,0.938014030456543,31,19
113,False,-4248.521648485465,ABNORMAL: ,20.27134394645691,31,18
114,True,-4941.305428404195,CONVERGENCE: RELATIVE REDUCTION OF F <= FACTR*EPSMCH,81.22222208976746,31,22
115,True,1000000000000.0,CONVERGENCE: NORM OF PROJECTED GRADIENT <= PGTOL,0.9272866249084472,31,21
116,True,-4689.098307696842,CONVERGENCE: RELATIVE REDUCTION OF F <= FACTR*EPSMCH,87.34679222106934,31,20
117,True,-4483.536792779584,CONVERGENCE: RELATIVE REDUCTION OF F <= FACTR*EPSMCH,42.49956393241882,31,21
118,True,-4412.112459538472,CONVERGENCE: RELATIVE REDUCTION OF F <= FACTR*EPSMCH,55.37003207206726,31,16
119,True,-4381.057369201813,CONVERGENCE: RELATIVE REDUCTION OF F <= FACTR*EPSMCH,35.91988182067871,31,18
120,True,-4571.035516642289,CONVERGENCE: RELATIVE REDUCTION OF F <= FACTR*EPSMCH,40.00046896934509,31,19
121,True,-4974.349760128744,CONVERGENCE: RELATIVE REDUCTION OF F <= FACTR*EPSMCH,114.773756980896,31,18
122,True,-4577.07194396966,CONVERGENCE: RELATIVE REDUCTION OF F <= FACTR*EPSMCH,19.54087781906128,31,21
123,True,1000000000000.0,CONVERGENCE: NORM OF PROJECTED GRADIENT <= PGTOL,0.9174902439117432,31,23
124,True,1000000000000.0,CONVERGENCE: NORM OF PROJECTED GRADIENT <= PGTOL,0.9057881832122804,31,22
125,False,-4226.591265166019,ABNORMAL: ,20.50244092941284,31,21
126,False,-4269.05731291243,ABNORMAL: ,20.439465045928955,31,23
127,True,-4511.148294165587,CONVERGENCE: RELATIVE REDUCTION OF F <= FACTR*EPSMCH,40.61643195152283,31,20
128,True,-4795.748554875095,CONVERGENCE: RELATIVE REDUCTION OF F <= FACTR*EPSMCH,217.47158408164975,31,22
129,True,-4820.025856652005,CONVERGENCE: RELATIVE REDUCTION OF F <= FACTR*EPSMCH,412.6098461151123,31,20
130,True,-4883.175441344149,CONVERGENCE: RELATIVE REDUCTION OF F <= FACTR*EPSMCH,145.90834712982178,31,20
131,True,-4841.212677434162,CONVERGENCE: RELATIVE REDUCTION OF F <= FACTR*EPSMCH,270.87839221954346,31,17
132,True,-4794.62519654119,CONVERGENCE: RELATIVE REDUCTION OF F <= FACTR*EPSMCH,80.74038672447205,31,21
133,True,-4959.391104953464,CONVERGENCE: RELATIVE REDUCTION OF F <= FACTR*EPSMCH,107.03287506103516,31,16
134,True,-4897.9505947948255,CONVERGENCE: RELATIVE REDUCTION OF F <= FACTR*EPSMCH,257.89284110069275,31,19
135,True,-4327.778306071404,CONVERGENCE: RELATIVE REDUCTION OF F <= FACTR*EPSMCH,26.465773820877075,31,21
136,True,-4870.631716970975,CONVERGENCE: RELATIVE REDUCTION OF F <= FACTR*EPSMCH,235.01257705688477,31,23
137,True,1000000000000.0,CONVERGENCE: NORM OF PROJECTED GRADIENT <= PGTOL,0.9885480403900146,31,20
138,True,1000000000000.0,CONVERGENCE: NORM OF PROJECTED GRADIENT <= PGTOL,1.3242437839508057,31,21
139,True,-4629.07123441101,CONVERGENCE: RELATIVE REDUCTION OF F <= FACTR*EPSMCH,159.8994197845459,31,20
140,True,-4902.751268281383,CONVERGENCE: RELATIVE REDUCTION OF F <= FACTR*EPSMCH,390.8983542919159,31,18
141,True,-4626.92352676375,CONVERGENCE: RELATIVE REDUCTION OF F <= FACTR*EPSMCH,118.77376079559326,31,19
142,True,-4859.2786866669685,CONVERGENCE: RELATIVE REDUCTION OF F <= FACTR*EPSMCH,243.0488078594208,31,20
143,True,-4599.453599603936,CONVERGENCE: RELATIVE REDUCTION OF F <= FACTR*EPSMCH,86.53007316589355,31,22
144,True,-4601.148586927296,CONVERGENCE: RELATIVE REDUCTION OF F <= FACTR*EPSMCH,37.209046840667725,31,20
145,True,-4702.59107986129,CONVERGENCE: RELATIVE REDUCTION OF F <= FACTR*EPSMCH,222.38846516609192,31,21
146,True,-4475.4988144405215,CONVERGENCE: RELATIVE REDUCTION OF F <= FACTR*EPSMCH,21.75464701652527,31,20
147,False,-4442.334532619187,ABNORMAL: ,20.97699213027954,31,21
148,True,-4617.448562400757,CONVERGENCE: RELATIVE REDUCTION OF F <= FACTR*EPSMCH,35.817933082580566,31,21
149,True,-4564.607361283156,CONVERGENCE: RELATIVE REDUCTION OF F <= FACTR*EPSMCH,41.31500792503357,31,19
150,True,1000000000000.0,CONVERGENCE: NORM OF PROJECTED GRADIENT <= PGTOL,0.929713010787964,31,21
151,False,-5107.826042491622,"STOP: TOTAL NO. OF F,G EVALUATIONS EXCEEDS LIMIT",565.2519450187683,31,20
152,True,-5025.020381775844,CONVERGENCE: RELATIVE REDUCTION OF F <= FACTR*EPSMCH,405.73429799079895,31,19
153,True,-4699.794204975067,CONVERGENCE: RELATIVE REDUCTION OF F <= FACTR*EPSMCH,29.41225004196167,31,18
154,True,-4813.817189755163,CONVERGENCE: RELATIVE REDUCTION OF F <= FACTR*EPSMCH,28.929718017578125,31,18
155,True,-4737.348358279349,CONVERGENCE: RELATIVE REDUCTION OF F <= FACTR*EPSMCH,310.4485182762146,31,19
156,True,1000000000000.0,CONVERGENCE: NORM OF PROJECTED GRADIENT <= PGTOL,0.9455487728118896,31,21
157,True,-4496.787187731881,CONVERGENCE: RELATIVE REDUCTION OF F <= FACTR*EPSMCH,30.824726104736328,31,19
158,True,-4703.23276595313,CONVERGENCE: RELATIVE REDUCTION OF F <= FACTR*EPSMCH,136.91250014305115,31,19
159,True,-4775.703885486414,CONVERGENCE: RELATIVE REDUCTION OF F <= FACTR*EPSMCH,148.0041470527649,31,22
160,True,-5002.527922174188,CONVERGENCE: RELATIVE REDUCTION OF F <= FACTR*EPSMCH,143.86285495758057,31,19
161,True,1000000000000.0,CONVERGENCE: NORM OF PROJECTED GRADIENT <= PGTOL,1.0768020153045654,31,21
162,True,1000000000000.0,CONVERGENCE: NORM OF PROJECTED GRADIENT <= PGTOL,1.0323271751403809,31,20
163,True,-4584.4087708713705,CONVERGENCE: RELATIVE REDUCTION OF F <= FACTR*EPSMCH,50.03439688682556,31,18
164,True,1000000000000.0,CONVERGENCE: NORM OF PROJECTED GRADIENT <= PGTOL,1.02266526222229,31,22
165,True,-4924.471611873266,CONVERGENCE: RELATIVE REDUCTION OF F <= FACTR*EPSMCH,257.08551502227783,31,20
166,True,1000000000000.0,CONVERGENCE: NORM OF PROJECTED GRADIENT <= PGTOL,0.959787130355835,31,22
167,True,-4749.905230780473,CONVERGENCE: RELATIVE REDUCTION OF F <= FACTR*EPSMCH,215.0467987060547,31,20
168,True,-4485.328326654988,CONVERGENCE: RELATIVE REDUCTION OF F <= FACTR*EPSMCH,40.569725036621094,31,22
169,True,1000000000000.0,CONVERGENCE: NORM OF PROJECTED GRADIENT <= PGTOL,1.0095889568328855,31,21
170,True,-4481.201837203942,CONVERGENCE: RELATIVE REDUCTION OF F <= FACTR*EPSMCH,119.18244194984436,31,22
171,True,1000000000000.0,CONVERGENCE: NORM OF PROJECTED GRADIENT <= PGTOL,1.0864262580871582,31,19
172,True,-4741.813914314309,CONVERGENCE: RELATIVE REDUCTION OF F <= FACTR*EPSMCH,214.52909803390503,31,20
173,True,-4957.506151118069,CONVERGENCE: RELATIVE REDUCTION OF F <= FACTR*EPSMCH,167.39272594451904,31,22
174,True,1000000000000.0,CONVERGENCE: NORM OF PROJECTED GRADIENT <= PGTOL,0.910794734954834,31,19
175,True,-4418.889186347877,CONVERGENCE: RELATIVE REDUCTION OF F <= FACTR*EPSMCH,42.76518702507019,31,22
176,True,-4420.300248195447,CONVERGENCE: RELATIVE REDUCTION OF F <= FACTR*EPSMCH,37.171868085861206,31,16
177,True,-4890.960579313625,CONVERGENCE: RELATIVE REDUCTION OF F <= FACTR*EPSMCH,459.443274974823,31,17
178,True,-4431.712768356231,CONVERGENCE: RELATIVE REDUCTION OF F <= FACTR*EPSMCH,67.76221013069153,31,19
179,True,-4569.952534753226,CONVERGENCE: RELATIVE REDUCTION OF F <= FACTR*EPSMCH,71.0639100074768,31,22
180,True,-4910.9013210482735,CONVERGENCE: RELATIVE REDUCTION OF F <= FACTR*EPSMCH,130.56379175186157,31,22
181,True,1000000000000.0,CONVERGENCE: NORM OF PROJECTED GRADIENT <= PGTOL,0.9914157390594482,31,22
182,True,-4747.106266340542,CONVERGENCE: RELATIVE REDUCTION OF F <= FACTR*EPSMCH,37.11239981651306,31,19
183,True,-4928.890146676165,CONVERGENCE: RELATIVE REDUCTION OF F <= FACTR*EPSMCH,390.51156997680664,31,17
184,False,-4592.9033969835855,ABNORMAL: ,20.554100036621097,31,23
185,True,-4806.75531699602,CONVERGENCE: RELATIVE REDUCTION OF F <= FACTR*EPSMCH,350.7211380004883,31,19
186,True,-4809.488734109294,CONVERGENCE: RELATIVE REDUCTION OF F <= FACTR*EPSMCH,360.6387491226196,31,21
187,True,-5188.424548124909,CONVERGENCE: RELATIVE REDUCTION OF F <= FACTR*EPSMCH,276.6871418952942,31,18
188,True,-5000.116517954943,CONVERGENCE: RELATIVE REDUCTION OF F <= FACTR*EPSMCH,218.21054697036743,31,21
189,True,-4839.274687081723,CONVERGENCE: RELATIVE REDUCTION OF F <= FACTR*EPSMCH,152.71724271774292,31,20
190,True,-4841.436723545301,CONVERGENCE: RELATIVE REDUCTION OF F <= FACTR*EPSMCH,66.54798412322998,31,19
191,True,1000000000000.0,CONVERGENCE: NORM OF PROJECTED GRADIENT <= PGTOL,0.9089388847351074,31,22
192,True,-5047.052989797882,CONVERGENCE: RELATIVE REDUCTION OF F <= FACTR*EPSMCH,493.3161189556122,31,21
193,True,1000000000000.0,CONVERGENCE: NORM OF PROJECTED GRADIENT <= PGTOL,0.90392804145813,31,17
194,True,-4511.696584020807,CONVERGENCE: RELATIVE REDUCTION OF F <= FACTR*EPSMCH,19.303216218948364,31,21
195,True,-4976.129486206822,CONVERGENCE: RELATIVE REDUCTION OF F <= FACTR*EPSMCH,56.52357888221741,31,21
196,True,1000000000000.0,CONVERGENCE: NORM OF PROJECTED GRADIENT <= PGTOL,0.9009747505187988,31,21
197,True,-4859.1543972104555,CONVERGENCE: RELATIVE REDUCTION OF F <= FACTR*EPSMCH,420.18666338920593,31,19
198,True,-4781.523067137667,CONVERGENCE: RELATIVE REDUCTION OF F <= FACTR*EPSMCH,154.56831407546997,31,19
199,True,1000000000000.0,CONVERGENCE: NORM OF PROJECTED GRADIENT <= PGTOL,0.9090118408203124,31,19
200,True,1000000000000.0,CONVERGENCE: NORM OF PROJECTED GRADIENT <= PGTOL,0.9357709884643556,31,19
201,True,-4587.261876552487,CONVERGENCE: RELATIVE REDUCTION OF F <= FACTR*EPSMCH,34.94542407989502,31,17
202,True,-4677.522716627792,CONVERGENCE: RELATIVE REDUCTION OF F <= FACTR*EPSMCH,43.66923809051514,31,22
203,True,-4438.187128424597,CONVERGENCE: RELATIVE REDUCTION OF F <= FACTR*EPSMCH,22.43608593940735,31,20
204,True,-4469.894628955445,CONVERGENCE: RELATIVE REDUCTION OF F <= FACTR*EPSMCH,41.98249316215515,31,21
205,True,-4281.558338402505,CONVERGENCE: RELATIVE REDUCTION OF F <= FACTR*EPSMCH,23.93558096885681,31,19
206,True,-4572.397826555603,CONVERGENCE: RELATIVE REDUCTION OF F <= FACTR*EPSMCH,26.52954387664795,31,17
207,True,-4544.426776697096,CONVERGENCE: RELATIVE REDUCTION OF F <= FACTR*EPSMCH,113.26261711120604,31,23
208,True,-4967.800133032283,CONVERGENCE: RELATIVE REDUCTION OF F <= FACTR*EPSMCH,177.46313881874084,31,21
209,False,-4334.165161452077,ABNORMAL: ,86.38362073898315,31,21
210,True,1000000000000.0,CONVERGENCE: NORM OF PROJECTED GRADIENT <= PGTOL,0.9186282157897948,31,21
211,True,1000000000000.0,CONVERGENCE: NORM OF PROJECTED GRADIENT <= PGTOL,0.9380927085876464,31,20
212,True,-4467.341019298762,CONVERGENCE: RELATIVE REDUCTION OF F <= FACTR*EPSMCH,82.53644490242004,31,18
213,False,-4800.548805290993,ABNORMAL: ,228.92511892318728,31,18
214,True,1000000000000.0,CONVERGENCE: NORM OF PROJECTED GRADIENT <= PGTOL,0.9983088970184326,31,18
215,True,1000000000000.0,CONVERGENCE: NORM OF PROJECTED GRADIENT <= PGTOL,0.9505679607391356,31,19
216,True,-4661.151036853475,CONVERGENCE: RELATIVE REDUCTION OF F <= FACTR*EPSMCH,240.54747700691223,31,21
217,False,-4440.820109506393,ABNORMAL: ,93.68578100204468,31,22
218,True,1000000000000.0,CONVERGENCE: NORM OF PROJECTED GRADIENT <= PGTOL,0.8898561000823975,31,18
219,True,-4951.285577135276,CONVERGENCE: RELATIVE REDUCTION OF F <= FACTR*EPSMCH,460.2387220859528,31,19
220,True,-4858.990417487025,CONVERGENCE: RELATIVE REDUCTION OF F <= FACTR*EPSMCH,353.26437997817993,31,20
221,True,-4953.67205091068,CONVERGENCE: RELATIVE REDUCTION OF F <= FACTR*EPSMCH,166.3257029056549,31,18
222,True,-4597.22562528357,CONVERGENCE: RELATIVE REDUCTION OF F <= FACTR*EPSMCH,17.024139165878296,31,21
223,True,-4919.981748935759,CONVERGENCE: RELATIVE REDUCTION OF F <= FACTR*EPSMCH,325.81291007995605,31,22
224,True,-4941.527936925451,CONVERGENCE: RELATIVE REDUCTION OF F <= FACTR*EPSMCH,215.2255139350891,31,19
225,True,-4398.482072163721,CONVERGENCE: RELATIVE REDUCTION OF F <= FACTR*EPSMCH,36.95092821121216,31,22
226,True,-4855.471888734724,CONVERGENCE: RELATIVE REDUCTION OF F <= FACTR*EPSMCH,332.7552869319916,31,20
227,True,-4629.161650390323,CONVERGENCE: RELATIVE REDUCTION OF F <= FACTR*EPSMCH,67.44766497612,31,22
228,True,-4480.851829613494,CONVERGENCE: RELATIVE REDUCTION OF F <= FACTR*EPSMCH,18.655529022216797,31,18
229,True,-4831.562438907577,CONVERGENCE: RELATIVE REDUCTION OF F <= FACTR*EPSMCH,191.8097352981567,31,20
230,True,-4933.104644814734,CONVERGENCE: RELATIVE REDUCTION OF F <= FACTR*EPSMCH,157.37016701698303,31,19
231,False,-4513.941326620426,ABNORMAL: ,85.27653574943542,31,20
232,False,-4349.770365776273,ABNORMAL: ,18.23412489891052,31,22
233,True,1000000000000.0,CONVERGENCE: NORM OF PROJECTED GRADIENT <= PGTOL,0.8201761245727539,31,16
234,True,1000000000000.0,CONVERGENCE: NORM OF PROJECTED GRADIENT <= PGTOL,0.8036532402038574,31,18
235,True,-4994.39114322912,CONVERGENCE: RELATIVE REDUCTION OF F <= FACTR*EPSMCH,456.70990800857544,31,20
236,True,1000000000000.0,CONVERGENCE: NORM OF PROJECTED GRADIENT <= PGTOL,1.261737823486328,31,18
237,True,-4728.333706115952,CONVERGENCE: RELATIVE REDUCTION OF F <= FACTR*EPSMCH,188.060387134552,31,19
238,True,1000000000000.0,CONVERGENCE: NORM OF PROJECTED GRADIENT <= PGTOL,1.039996862411499,31,21
239,True,1000000000000.0,CONVERGENCE: NORM OF PROJECTED GRADIENT <= PGTOL,1.043868064880371,31,20
240,True,-4949.471985575317,CONVERGENCE: RELATIVE REDUCTION OF F <= FACTR*EPSMCH,192.371808052063,31,20
241,True,-4639.283516870498,CONVERGENCE: RELATIVE REDUCTION OF F <= FACTR*EPSMCH,62.107707023620605,31,20
242,False,-4314.989440853635,ABNORMAL: ,20.759331703186035,31,20
243,True,-4435.349451278467,CONVERGENCE: RELATIVE REDUCTION OF F <= FACTR*EPSMCH,26.62674593925476,31,19
244,False,-4454.568232598793,ABNORMAL: ,20.458794116973877,31,18
245,True,-4511.334599182892,CONVERGENCE: RELATIVE REDUCTION OF F <= FACTR*EPSMCH,80.01475811004639,31,22
246,False,1000000000000.0,ABNORMAL: ,54.50925803184509,31,20
247,True,-4469.104010003492,CONVERGENCE: RELATIVE REDUCTION OF F <= FACTR*EPSMCH,92.61631488800047,31,23
248,True,-4588.770972379709,CONVERGENCE: RELATIVE REDUCTION OF F <= FACTR*EPSMCH,123.05825304985046,31,21
249,True,-4817.79518662741,CONVERGENCE: RELATIVE REDUCTION OF F <= FACTR*EPSMCH,45.51140093803406,31,18
250,True,1000000000000.0,CONVERGENCE: NORM OF PROJECTED GRADIENT <= PGTOL,0.927889347076416,31,21
251,True,-4819.811875929122,CONVERGENCE: RELATIVE REDUCTION OF F <= FACTR*EPSMCH,37.28204894065857,31,16
252,True,1000000000000.0,CONVERGENCE: NORM OF PROJECTED GRADIENT <= PGTOL,0.922536849975586,31,19
253,True,1000000000000.0,CONVERGENCE: NORM OF PROJECTED GRADIENT <= PGTOL,0.9073529243469238,31,18
254,True,-4614.996006373049,CONVERGENCE: RELATIVE REDUCTION OF F <= FACTR*EPSMCH,157.667711019516,31,17
255,True,1000000000000.0,CONVERGENCE: NORM OF PROJECTED GRADIENT <= PGTOL,0.9314558506011964,31,20
256,True,-4858.368063354568,CONVERGENCE: RELATIVE REDUCTION OF F <= FACTR*EPSMCH,199.7651801109314,31,21
257,True,-4717.341531303864,CONVERGENCE: RELATIVE REDUCTION OF F <= FACTR*EPSMCH,81.02962303161621,31,18
258,True,-4448.046660059217,CONVERGENCE: RELATIVE REDUCTION OF F <= FACTR*EPSMCH,27.473548889160156,31,19
259,True,1000000000000.0,CONVERGENCE: NORM OF PROJECTED GRADIENT <= PGTOL,0.9379429817199708,31,21
260,True,-4618.824669850879,CONVERGENCE: RELATIVE REDUCTION OF F <= FACTR*EPSMCH,27.506715774536133,31,21
261,True,-4466.935285117807,CONVERGENCE: RELATIVE REDUCTION OF F <= FACTR*EPSMCH,23.489548206329346,31,20
262,True,-4544.501529133977,CONVERGENCE: RELATIVE REDUCTION OF F <= FACTR*EPSMCH,70.92091107368469,31,22
263,False,-4385.24012355721,ABNORMAL: ,20.74954509735107,31,21
264,True,1000000000000.0,CONVERGENCE: NORM OF PROJECTED GRADIENT <= PGTOL,0.9297711849212646,31,22
265,True,1000000000000.0,CONVERGENCE: NORM OF PROJECTED GRADIENT <= PGTOL,0.9029560089111328,31,21
266,True,1000000000000.0,CONVERGENCE: NORM OF PROJECTED GRADIENT <= PGTOL,0.93855619430542,31,20
267,True,1000000000000.0,CONVERGENCE: NORM OF PROJECTED GRADIENT <= PGTOL,0.9256579875946044,31,21
268,True,-4950.140257286249,CONVERGENCE: RELATIVE REDUCTION OF F <= FACTR*EPSMCH,194.01569819450376,31,21
269,True,1000000000000.0,CONVERGENCE: NORM OF PROJECTED GRADIENT <= PGTOL,0.9690449237823486,31,22
270,True,1000000000000.0,CONVERGENCE: NORM OF PROJECTED GRADIENT <= PGTOL,0.971757173538208,31,19
271,True,-4607.540121967142,CONVERGENCE: RELATIVE REDUCTION OF F <= FACTR*EPSMCH,193.1303598880768,31,23
272,True,-4860.338888690335,CONVERGENCE: RELATIVE REDUCTION OF F <= FACTR*EPSMCH,271.90593814849854,31,18
273,True,-4696.052429967607,CONVERGENCE: RELATIVE REDUCTION OF F <= FACTR*EPSMCH,53.23397612571716,31,19
274,True,-4610.281066254489,CONVERGENCE: RELATIVE REDUCTION OF F <= FACTR*EPSMCH,50.352065086364746,31,21
275,True,-4939.624779229883,CONVERGENCE: RELATIVE REDUCTION OF F <= FACTR*EPSMCH,69.33417701721191,31,20
276,True,1000000000000.0,CONVERGENCE: NORM OF PROJECTED GRADIENT <= PGTOL,0.9361813068389891,31,21
277,True,-4879.506525964873,CONVERGENCE: RELATIVE REDUCTION OF F <= FACTR*EPSMCH,147.3496608734131,31,19
278,True,-4604.359858498006,CONVERGENCE: RELATIVE REDUCTION OF F <= FACTR*EPSMCH,24.22089695930481,31,20
279,True,1000000000000.0,CONVERGENCE: NORM OF PROJECTED GRADIENT <= PGTOL,0.9489128589630128,31,18
280,True,-4641.6652266787105,CONVERGENCE: RELATIVE REDUCTION OF F <= FACTR*EPSMCH,26.92707991600037,31,17
281,True,1000000000000.0,CONVERGENCE: NORM OF PROJECTED GRADIENT <= PGTOL,0.9206891059875488,31,21
282,True,-4697.063348817943,CONVERGENCE: RELATIVE REDUCTION OF F <= FACTR*EPSMCH,57.11934280395508,31,21
283,True,-4592.366758434856,CONVERGENCE: RELATIVE REDUCTION OF F <= FACTR*EPSMCH,36.30217385292053,31,21
284,True,-4505.644704404187,CONVERGENCE: RELATIVE REDUCTION OF F <= FACTR*EPSMCH,31.716109037399292,31,23
285,True,-4440.804653196993,CONVERGENCE: RELATIVE REDUCTION OF F <= FACTR*EPSMCH,14.564540147781372,31,21
286,False,-5023.014943762757,ABNORMAL: ,167.84043526649475,31,17
287,True,1000000000000.0,CONVERGENCE: NORM OF PROJECTED GRADIENT <= PGTOL,0.9489181041717528,31,18
288,True,-4478.652848699419,CONVERGENCE: RELATIVE REDUCTION OF F <= FACTR*EPSMCH,14.87059497833252,31,24
289,True,-4635.302628218864,CONVERGENCE: RELATIVE REDUCTION OF F <= FACTR*EPSMCH,22.577512979507446,31,20
290,True,-4705.929569337032,CONVERGENCE: RELATIVE REDUCTION OF F <= FACTR*EPSMCH,84.39369988441467,31,17
291,True,1000000000000.0,CONVERGENCE: NORM OF PROJECTED GRADIENT <= PGTOL,0.964574098587036,31,22
292,True,-4586.963466583786,CONVERGENCE: RELATIVE REDUCTION OF F <= FACTR*EPSMCH,61.42150688171387,31,23
293,True,-4678.212766756558,CONVERGENCE: RELATIVE REDUCTION OF F <= FACTR*EPSMCH,41.62251591682434,31,16
294,True,-4928.866210806056,CONVERGENCE: RELATIVE REDUCTION OF F <= FACTR*EPSMCH,80.24674916267395,31,22
295,True,1000000000000.0,CONVERGENCE: NORM OF PROJECTED GRADIENT <= PGTOL,0.911383867263794,31,22
296,True,-4637.247647739844,CONVERGENCE: RELATIVE REDUCTION OF F <= FACTR*EPSMCH,25.17949414253235,31,19
297,True,1000000000000.0,CONVERGENCE: NORM OF PROJECTED GRADIENT <= PGTOL,0.9384901523590088,31,20
298,False,-4658.271666651209,ABNORMAL: ,127.35019493103027,31,17
299,True,-4906.154436534614,CONVERGENCE: RELATIVE REDUCTION OF F <= FACTR*EPSMCH,180.08203101158142,31,19
300,True,-4503.9142433564675,CONVERGENCE: RELATIVE REDUCTION OF F <= FACTR*EPSMCH,68.62634706497192,31,20
301,True,1000000000000.0,CONVERGENCE: NORM OF PROJECTED GRADIENT <= PGTOL,0.9179320335388184,31,20
302,True,-4435.092958488856,CONVERGENCE: RELATIVE REDUCTION OF F <= FACTR*EPSMCH,39.65805912017822,31,18
303,True,-4655.080503312647,CONVERGENCE: RELATIVE REDUCTION OF F <= FACTR*EPSMCH,23.4412579536438,31,20
304,True,-4948.232895488768,CONVERGENCE: RELATIVE REDUCTION OF F <= FACTR*EPSMCH,175.7822620868683,31,17
305,True,1000000000000.0,CONVERGENCE: NORM OF PROJECTED GRADIENT <= PGTOL,0.9528310298919678,31,19
306,True,-4808.237929455985,CONVERGENCE: RELATIVE REDUCTION OF F <= FACTR*EPSMCH,141.85441493988037,31,19
307,True,-4931.481793250365,CONVERGENCE: RELATIVE REDUCTION OF F <= FACTR*EPSMCH,128.2563579082489,31,20
308,True,1000000000000.0,CONVERGENCE: NORM OF PROJECTED GRADIENT <= PGTOL,0.8097832202911377,31,18
309,True,1000000000000.0,CONVERGENCE: NORM OF PROJECTED GRADIENT <= PGTOL,0.8313121795654297,31,17
310,True,-4663.489717500119,CONVERGENCE: RELATIVE REDUCTION OF F <= FACTR*EPSMCH,34.04459524154663,31,17
311,True,-4852.727170021219,CONVERGENCE: RELATIVE REDUCTION OF F <= FACTR*EPSMCH,130.37377405166626,31,20
312,True,1000000000000.0,CONVERGENCE: NORM OF PROJECTED GRADIENT <= PGTOL,0.8153910636901855,31,21
313,False,-4529.00239211099,ABNORMAL: ,48.42874097824097,31,20
314,True,-4548.939019802749,CONVERGENCE: RELATIVE REDUCTION OF F <= FACTR*EPSMCH,46.292020082473755,31,19
315,True,-4880.916680664174,CONVERGENCE: RELATIVE REDUCTION OF F <= FACTR*EPSMCH,181.74941992759705,31,19
316,True,-4347.689871298757,CONVERGENCE: RELATIVE REDUCTION OF F <= FACTR*EPSMCH,38.21552014350891,31,21
317,True,-4774.7856542710415,CONVERGENCE: RELATIVE REDUCTION OF F <= FACTR*EPSMCH,396.7809948921203,31,20
318,True,-4358.119317706849,CONVERGENCE: RELATIVE REDUCTION OF F <= FACTR*EPSMCH,42.16885018348694,31,18
319,True,-4844.060519094942,CONVERGENCE: RELATIVE REDUCTION OF F <= FACTR*EPSMCH,83.59685778617859,31,17
320,True,-5048.235383416337,CONVERGENCE: RELATIVE REDUCTION OF F <= FACTR*EPSMCH,408.3078742027282,31,18
321,True,-4947.141622788602,CONVERGENCE: RELATIVE REDUCTION OF F <= FACTR*EPSMCH,170.95501899719238,31,19
322,True,-4482.293950285851,CONVERGENCE: RELATIVE REDUCTION OF F <= FACTR*EPSMCH,28.347722053527832,31,22
323,True,1000000000000.0,CONVERGENCE: NORM OF PROJECTED GRADIENT <= PGTOL,0.8840131759643555,31,21
324,True,-4725.117081981617,CONVERGENCE: RELATIVE REDUCTION OF F <= FACTR*EPSMCH,278.81679010391235,31,16
325,False,-4372.2542610601,ABNORMAL: ,17.89050602912903,31,19
326,True,-4415.990696440037,CONVERGENCE: RELATIVE REDUCTION OF F <= FACTR*EPSMCH,20.584857940673828,31,19
327,True,1000000000000.0,CONVERGENCE: NORM OF PROJECTED GRADIENT <= PGTOL,0.7926778793334961,31,19
328,True,-4377.694560258797,CONVERGENCE: RELATIVE REDUCTION OF F <= FACTR*EPSMCH,12.947200059890749,31,19
329,True,1000000000000.0,CONVERGENCE: NORM OF PROJECTED GRADIENT <= PGTOL,0.8253741264343262,31,20
330,False,-4239.806075106381,ABNORMAL: ,18.48645782470703,31,18
331,True,1000000000000.0,CONVERGENCE: NORM OF PROJECTED GRADIENT <= PGTOL,0.7805068492889404,31,20
332,True,1000000000000.0,CONVERGENCE: NORM OF PROJECTED GRADIENT <= PGTOL,0.8389260768890381,31,20
333,True,1000000000000.0,CONVERGENCE: NORM OF PROJECTED GRADIENT <= PGTOL,0.8220951557159424,31,19
334,False,-4301.785448781049,ABNORMAL: ,18.928237915039062,31,16
335,True,-4527.615456205724,CONVERGENCE: RELATIVE REDUCTION OF F <= FACTR*EPSMCH,26.027602910995483,31,20
336,True,-4477.89329954531,CONVERGENCE: RELATIVE REDUCTION OF F <= FACTR*EPSMCH,33.3975191116333,31,19
337,True,-4750.208985649993,CONVERGENCE: RELATIVE REDUCTION OF F <= FACTR*EPSMCH,222.20393085479736,31,18
338,True,-5010.576939095949,CONVERGENCE: RELATIVE REDUCTION OF F <= FACTR*EPSMCH,423.06849193573,31,18
339,True,-4899.343886657087,CONVERGENCE: RELATIVE REDUCTION OF F <= FACTR*EPSMCH,293.2808120250702,31,21
340,True,1000000000000.0,CONVERGENCE: NORM OF PROJECTED GRADIENT <= PGTOL,0.8347818851470947,31,20
341,True,-4676.710014591959,CONVERGENCE: RELATIVE REDUCTION OF F <= FACTR*EPSMCH,66.16699504852295,31,18
342,True,-4643.492966596148,CONVERGENCE: RELATIVE REDUCTION OF F <= FACTR*EPSMCH,303.76103496551514,31,21
343,True,1000000000000.0,CONVERGENCE: NORM OF PROJECTED GRADIENT <= PGTOL,0.8106648921966553,31,19
344,True,-4542.6342861869625,CONVERGENCE: RELATIVE REDUCTION OF F <= FACTR*EPSMCH,21.45140695571899,31,20
345,True,-4836.585947916129,CONVERGENCE: RELATIVE REDUCTION OF F <= FACTR*EPSMCH,70.62513518333435,31,23
346,True,1000000000000.0,CONVERGENCE: NORM OF PROJECTED GRADIENT <= PGTOL,0.8190178871154785,31,19
347,True,-4931.583725683216,CONVERGENCE: RELATIVE REDUCTION OF F <= FACTR*EPSMCH,287.64719009399414,31,19
348,False,-4546.6960146651745,ABNORMAL: ,18.38084101676941,31,18
349,True,-4890.690635964577,CONVERGENCE: RELATIVE REDUCTION OF F <= FACTR*EPSMCH,416.64611625671387,31,18
350,True,-4504.9034570945305,CONVERGENCE: RELATIVE REDUCTION OF F <= FACTR*EPSMCH,35.59954905509949,31,20
351,True,1000000000000.0,CONVERGENCE: NORM OF PROJECTED GRADIENT <= PGTOL,0.6678879261016846,31,19
352,True,-4551.136831353868,CONVERGENCE: RELATIVE REDUCTION OF F <= FACTR*EPSMCH,10.74498414993286,31,22
353,True,-4483.486775575138,CONVERGENCE: RELATIVE REDUCTION OF F <= FACTR*EPSMCH,24.24897813796997,31,19
354,True,1000000000000.0,CONVERGENCE: NORM OF PROJECTED GRADIENT <= PGTOL,0.6970927715301514,31,21
355,True,-4945.007862066608,CONVERGENCE: RELATIVE REDUCTION OF F <= FACTR*EPSMCH,272.2337877750397,31,19
356,False,-4578.427830991704,ABNORMAL: ,110.45299577713013,31,20
357,True,1000000000000.0,CONVERGENCE: NORM OF PROJECTED GRADIENT <= PGTOL,1.1422667503356934,31,20
358,True,-4482.737158633918,CONVERGENCE: RELATIVE REDUCTION OF F <= FACTR*EPSMCH,39.72804594039917,31,22
359,True,-4764.292762258142,CONVERGENCE: RELATIVE REDUCTION OF F <= FACTR*EPSMCH,277.62803316116333,31,21
360,True,-4348.87488878413,CONVERGENCE: RELATIVE REDUCTION OF F <= FACTR*EPSMCH,16.887155055999756,31,21
361,True,1000000000000.0,CONVERGENCE: NORM OF PROJECTED GRADIENT <= PGTOL,0.8448331356048584,31,20
362,True,1000000000000.0,CONVERGENCE: NORM OF PROJECTED GRADIENT <= PGTOL,0.8502688407897949,31,21
363,True,1000000000000.0,CONVERGENCE: NORM OF PROJECTED GRADIENT <= PGTOL,0.8646299839019775,31,19
364,True,1000000000000.0,CONVERGENCE: NORM OF PROJECTED GRADIENT <= PGTOL,0.829491138458252,31,19
365,True,-4985.65442797317,CONVERGENCE: RELATIVE REDUCTION OF F <= FACTR*EPSMCH,88.10672497749329,31,19
366,True,1000000000000.0,CONVERGENCE: NORM OF PROJECTED GRADIENT <= PGTOL,0.7840631008148193,31,21
367,True,-4815.07765619597,CONVERGENCE: RELATIVE REDUCTION OF F <= FACTR*EPSMCH,96.31137204170228,31,23
368,True,-4581.439185879098,CONVERGENCE: RELATIVE REDUCTION OF F <= FACTR*EPSMCH,25.67937397956848,31,20
369,True,-4837.303109767866,CONVERGENCE: RELATIVE REDUCTION OF F <= FACTR*EPSMCH,172.43004608154297,31,23
370,True,-4864.6465448189265,CONVERGENCE: RELATIVE REDUCTION OF F <= FACTR*EPSMCH,431.04544496536255,31,20
371,True,-4659.737539992833,CONVERGENCE: RELATIVE REDUCTION OF F <= FACTR*EPSMCH,39.85160708427429,31,21
372,True,1000000000000.0,CONVERGENCE: NORM OF PROJECTED GRADIENT <= PGTOL,0.7994520664215088,31,20
373,True,-4837.303754778572,CONVERGENCE: RELATIVE REDUCTION OF F <= FACTR*EPSMCH,105.46542477607728,31,19
374,True,-4822.6454039790015,CONVERGENCE: RELATIVE REDUCTION OF F <= FACTR*EPSMCH,140.4497549533844,31,21
375,True,-4862.282623272066,CONVERGENCE: RELATIVE REDUCTION OF F <= FACTR*EPSMCH,272.82620906829834,31,21
376,True,-4603.525596531422,CONVERGENCE: RELATIVE REDUCTION OF F <= FACTR*EPSMCH,85.09026503562927,31,20
377,True,-4735.110901160091,CONVERGENCE: RELATIVE REDUCTION OF F <= FACTR*EPSMCH,34.02220273017883,31,16
378,True,-4547.45961420186,CONVERGENCE: RELATIVE REDUCTION OF F <= FACTR*EPSMCH,26.909050941467285,31,22
379,True,-4780.616815082948,CONVERGENCE: RELATIVE REDUCTION OF F <= FACTR*EPSMCH,95.90455198287964,31,20
380,True,1000000000000.0,CONVERGENCE: NORM OF PROJECTED GRADIENT <= PGTOL,0.8442349433898926,31,17
381,False,-4493.302976497305,ABNORMAL: ,18.76444983482361,31,21
382,True,-4482.9559295934,CONVERGENCE: RELATIVE REDUCTION OF F <= FACTR*EPSMCH,43.6620979309082,31,19
383,True,-4562.77654328893,CONVERGENCE: RELATIVE REDUCTION OF F <= FACTR*EPSMCH,43.92263603210449,31,20
384,True,-5169.313108637402,CONVERGENCE: RELATIVE REDUCTION OF F <= FACTR*EPSMCH,66.51241493225098,31,20
385,True,-4609.026036732121,CONVERGENCE: RELATIVE REDUCTION OF F <= FACTR*EPSMCH,25.45985102653503,31,18
386,True,-4775.378513790853,CONVERGENCE: RELATIVE REDUCTION OF F <= FACTR*EPSMCH,328.7099530696869,31,20
387,True,1000000000000.0,CONVERGENCE: NORM OF PROJECTED GRADIENT <= PGTOL,0.815054178237915,31,21
388,True,-4743.568808707008,CONVERGENCE: RELATIVE REDUCTION OF F <= FACTR*EPSMCH,164.8400812149048,31,18
389,True,1000000000000.0,CONVERGENCE: NORM OF PROJECTED GRADIENT <= PGTOL,0.8027021884918213,31,19
390,True,1000000000000.0,CONVERGENCE: NORM OF PROJECTED GRADIENT <= PGTOL,0.8031349182128906,31,20
391,False,-4480.251138358621,ABNORMAL: ,101.73768019676208,31,20
392,False,-4480.731505367366,ABNORMAL: ,93.81508588790894,31,18
393,True,1000000000000.0,CONVERGENCE: NORM OF PROJECTED GRADIENT <= PGTOL,0.7872650623321533,31,19
394,True,1000000000000.0,CONVERGENCE: NORM OF PROJECTED GRADIENT <= PGTOL,0.7822608947753906,31,21
395,False,-4389.208788562857,ABNORMAL: ,18.0744469165802,31,22
396,True,-4475.749555427122,CONVERGENCE: RELATIVE REDUCTION OF F <= FACTR*EPSMCH,23.65471625328064,31,20
397,True,1000000000000.0,CONVERGENCE: NORM OF PROJECTED GRADIENT <= PGTOL,0.7905700206756592,31,16
398,True,-4500.973718704151,CONVERGENCE: RELATIVE REDUCTION OF F <= FACTR*EPSMCH,24.068319082260132,31,19
399,True,-4789.133554239228,CONVERGENCE: RELATIVE REDUCTION OF F <= FACTR*EPSMCH,139.12344002723694,31,22
400,True,-4592.92425371343,CONVERGENCE: RELATIVE REDUCTION OF F <= FACTR*EPSMCH,19.9100980758667,31,19
401,True,-4783.437896773023,CONVERGENCE: RELATIVE REDUCTION OF F <= FACTR*EPSMCH,124.712317943573,31,19
402,True,-4901.353496130354,CONVERGENCE: RELATIVE REDUCTION OF F <= FACTR*EPSMCH,326.2967312335968,31,22
403,True,1000000000000.0,CONVERGENCE: NORM OF PROJECTED GRADIENT <= PGTOL,0.8502609729766846,31,20
404,True,1000000000000.0,CONVERGENCE: NORM OF PROJECTED GRADIENT <= PGTOL,0.8159780502319336,31,18
405,True,-4440.143374226987,CONVERGENCE: RELATIVE REDUCTION OF F <= FACTR*EPSMCH,92.14067721366882,31,19
406,False,-4524.994533923195,ABNORMAL: ,91.76801681518556,31,22
407,True,1000000000000.0,CONVERGENCE: NORM OF PROJECTED GRADIENT <= PGTOL,0.8237841129302979,31,21
408,False,-4501.080862895112,ABNORMAL: ,17.83152413368225,31,18
409,True,-4357.9009450804915,CONVERGENCE: RELATIVE REDUCTION OF F <= FACTR*EPSMCH,35.63210105895996,31,20
410,True,1000000000000.0,CONVERGENCE: NORM OF PROJECTED GRADIENT <= PGTOL,0.8163671493530273,31,22
411,True,1000000000000.0,CONVERGENCE: NORM OF PROJECTED GRADIENT <= PGTOL,0.8940773010253906,31,18
412,True,-4483.050795038223,CONVERGENCE: RELATIVE REDUCTION OF F <= FACTR*EPSMCH,13.898754835128784,31,19
413,True,-4932.973807071018,CONVERGENCE: RELATIVE REDUCTION OF F <= FACTR*EPSMCH,221.18411087989807,31,22
414,True,-4743.054784517981,CONVERGENCE: RELATIVE REDUCTION OF F <= FACTR*EPSMCH,269.6295471191406,31,18
415,True,-4539.881238130194,CONVERGENCE: RELATIVE REDUCTION OF F <= FACTR*EPSMCH,41.14061427116394,31,22
416,True,-4754.463157067347,CONVERGENCE: RELATIVE REDUCTION OF F <= FACTR*EPSMCH,264.2553379535675,31,22
417,True,-5168.2802743442535,CONVERGENCE: RELATIVE REDUCTION OF F <= FACTR*EPSMCH,383.38863706588745,31,19
418,True,-4457.821225972678,CONVERGENCE: RELATIVE REDUCTION OF F <= FACTR*EPSMCH,74.3770911693573,31,20
419,True,-4718.0111855680625,CONVERGENCE: RELATIVE REDUCTION OF F <= FACTR*EPSMCH,53.73633313179016,31,18
420,True,-4653.094050336298,CONVERGENCE: RELATIVE REDUCTION OF F <= FACTR*EPSMCH,108.66425704956056,31,19
421,True,-4884.558516514545,CONVERGENCE: RELATIVE REDUCTION OF F <= FACTR*EPSMCH,225.26553106307983,31,17
422,True,1000000000000.0,CONVERGENCE: NORM OF PROJECTED GRADIENT <= PGTOL,0.6860320568084717,31,18
423,True,1000000000000.0,CONVERGENCE: NORM OF PROJECTED GRADIENT <= PGTOL,0.681736946105957,31,18
424,True,-5054.81075074378,CONVERGENCE: RELATIVE REDUCTION OF F <= FACTR*EPSMCH,51.98198699951172,31,19
425,True,-4683.802986095955,CONVERGENCE: RELATIVE REDUCTION OF F <= FACTR*EPSMCH,29.60110378265381,31,19
426,True,-4492.866666669056,CONVERGENCE: RELATIVE REDUCTION OF F <= FACTR*EPSMCH,138.7152168750763,31,21
427,True,-4692.019435100695,CONVERGENCE: RELATIVE REDUCTION OF F <= FACTR*EPSMCH,66.97500395774841,31,22
428,True,-5072.152276525983,CONVERGENCE: RELATIVE REDUCTION OF F <= FACTR*EPSMCH,368.3403990268707,31,20
429,True,-4451.100815235567,CONVERGENCE: RELATIVE REDUCTION OF F <= FACTR*EPSMCH,23.75113821029663,31,19
430,True,1000000000000.0,CONVERGENCE: NORM OF PROJECTED GRADIENT <= PGTOL,0.8525042533874512,31,20
431,True,-4791.09679497347,CONVERGENCE: RELATIVE REDUCTION OF F <= FACTR*EPSMCH,19.791434049606323,31,20
432,True,-4907.382441568024,CONVERGENCE: RELATIVE REDUCTION OF F <= FACTR*EPSMCH,81.43538475036621,31,18
433,True,-5027.133453969051,CONVERGENCE: RELATIVE REDUCTION OF F <= FACTR*EPSMCH,184.198294878006,31,17
434,True,-4672.7412512474575,CONVERGENCE: RELATIVE REDUCTION OF F <= FACTR*EPSMCH,63.740370988845825,31,21
435,True,-4952.743462895703,CONVERGENCE: RELATIVE REDUCTION OF F <= FACTR*EPSMCH,379.69025802612305,31,19
436,True,1000000000000.0,CONVERGENCE: NORM OF PROJECTED GRADIENT <= PGTOL,0.9338099956512452,31,21
437,True,-4777.823509621623,CONVERGENCE: RELATIVE REDUCTION OF F <= FACTR*EPSMCH,158.47914099693298,31,20
438,True,1000000000000.0,CONVERGENCE: NORM OF PROJECTED GRADIENT <= PGTOL,0.7706470489501953,31,18
439,True,-5135.810888997154,CONVERGENCE: RELATIVE REDUCTION OF F <= FACTR*EPSMCH,284.52526092529297,31,13
440,True,-4775.465462615782,CONVERGENCE: RELATIVE REDUCTION OF F <= FACTR*EPSMCH,164.60679697990415,31,19
441,True,-4502.1247341382405,CONVERGENCE: RELATIVE REDUCTION OF F <= FACTR*EPSMCH,22.77632713317871,31,15
442,True,1000000000000.0,CONVERGENCE: NORM OF PROJECTED GRADIENT <= PGTOL,0.8270139694213867,31,24
443,True,-4837.647784380752,CONVERGENCE: RELATIVE REDUCTION OF F <= FACTR*EPSMCH,259.2361538410187,31,20
444,True,1000000000000.0,CONVERGENCE: NORM OF PROJECTED GRADIENT <= PGTOL,0.800541877746582,31,20
445,True,-5102.805649565912,CONVERGENCE: RELATIVE REDUCTION OF F <= FACTR*EPSMCH,71.50916981697083,31,18
446,False,-4579.346377160306,ABNORMAL: ,45.734790325164795,31,19
447,True,-4372.667197813889,CONVERGENCE: RELATIVE REDUCTION OF F <= FACTR*EPSMCH,132.78331112861633,31,21
448,True,-4923.200558687043,CONVERGENCE: RELATIVE REDUCTION OF F <= FACTR*EPSMCH,428.7157440185547,31,21
449,True,-4749.6687643394425,CONVERGENCE: RELATIVE REDUCTION OF F <= FACTR*EPSMCH,156.79426312446594,31,20
450,True,1000000000000.0,CONVERGENCE: NORM OF PROJECTED GRADIENT <= PGTOL,0.8178071975708008,31,21
451,True,-4530.756299702234,CONVERGENCE: RELATIVE REDUCTION OF F <= FACTR*EPSMCH,62.65498399734497,31,24
452,True,-4792.63300302277,CONVERGENCE: RELATIVE REDUCTION OF F <= FACTR*EPSMCH,182.9315321445465,31,22
453,True,-4732.803011024132,CONVERGENCE: RELATIVE REDUCTION OF F <= FACTR*EPSMCH,48.60355186462402,31,19
454,True,-4583.549488780455,CONVERGENCE: RELATIVE REDUCTION OF F <= FACTR*EPSMCH,43.42155480384827,31,20
455,True,1000000000000.0,CONVERGENCE: NORM OF PROJECTED GRADIENT <= PGTOL,0.8317129611968994,31,20
456,True,-4747.963687472784,CONVERGENCE: RELATIVE REDUCTION OF F <= FACTR*EPSMCH,21.76001977920532,31,21
457,True,-4701.367277740119,CONVERGENCE: RELATIVE REDUCTION OF F <= FACTR*EPSMCH,11.911235809326172,31,18
458,True,-4788.477649296513,CONVERGENCE: RELATIVE REDUCTION OF F <= FACTR*EPSMCH,101.58491897583008,31,21
459,False,-4452.66883478531,ABNORMAL: ,18.059559106826782,31,21
460,True,-4744.05162426321,CONVERGENCE: RELATIVE REDUCTION OF F <= FACTR*EPSMCH,62.21453285217285,31,20
461,True,-4731.2460637218155,CONVERGENCE: RELATIVE REDUCTION OF F <= FACTR*EPSMCH,50.75672101974487,31,20
462,True,-5062.231647505311,CONVERGENCE: RELATIVE REDUCTION OF F <= FACTR*EPSMCH,112.30160093307497,31,18
463,True,-4893.199180643218,CONVERGENCE: RELATIVE REDUCTION OF F <= FACTR*EPSMCH,268.95275020599365,31,21
464,True,1000000000000.0,CONVERGENCE: NORM OF PROJECTED GRADIENT <= PGTOL,0.8050246238708496,31,19
465,True,-4564.516910895577,CONVERGENCE: RELATIVE REDUCTION OF F <= FACTR*EPSMCH,33.96902513504028,31,19
466,True,-4353.735073790379,CONVERGENCE: RELATIVE REDUCTION OF F <= FACTR*EPSMCH,26.776092052459717,31,22
467,True,-4492.423291998363,CONVERGENCE: RELATIVE REDUCTION OF F <= FACTR*EPSMCH,22.967756748199463,31,19
468,False,-4751.616736848153,ABNORMAL: ,99.1307909488678,31,20
469,True,-4984.125909872577,CONVERGENCE: RELATIVE REDUCTION OF F <= FACTR*EPSMCH,69.10893201828003,31,20
470,True,-4650.517375380594,CONVERGENCE: RELATIVE REDUCTION OF F <= FACTR*EPSMCH,13.95457410812378,31,20
471,True,1000000000000.0,CONVERGENCE: NORM OF PROJECTED GRADIENT <= PGTOL,0.8223791122436523,31,19
472,True,1000000000000.0,CONVERGENCE: NORM OF PROJECTED GRADIENT <= PGTOL,0.8442819118499756,31,19
473,False,-4301.357084432134,ABNORMAL: ,18.55725407600403,31,21
474,True,1000000000000.0,CONVERGENCE: NORM OF PROJECTED GRADIENT <= PGTOL,0.8530621528625488,31,19
475,True,-4286.798691843422,CONVERGENCE: RELATIVE REDUCTION OF F <= FACTR*EPSMCH,20.73629093170166,31,20
476,True,-5005.728590530639,CONVERGENCE: RELATIVE REDUCTION OF F <= FACTR*EPSMCH,59.622907876968384,31,20
477,True,-4965.155661890061,CONVERGENCE: RELATIVE REDUCTION OF F <= FACTR*EPSMCH,73.54689717292786,31,19
478,True,-5006.485383331873,CONVERGENCE: RELATIVE REDUCTION OF F <= FACTR*EPSMCH,85.96218276023865,31,19
479,True,-5112.088425302194,CONVERGENCE: RELATIVE REDUCTION OF F <= FACTR*EPSMCH,291.0227379798889,31,17
480,True,1000000000000.0,CONVERGENCE: NORM OF PROJECTED GRADIENT <= PGTOL,0.8915450572967529,31,22
481,True,-4516.112243854748,CONVERGENCE: RELATIVE REDUCTION OF F <= FACTR*EPSMCH,33.788865089416504,31,18
482,True,-4536.723374755419,CONVERGENCE: RELATIVE REDUCTION OF F <= FACTR*EPSMCH,21.42663288116455,31,20
483,True,-4996.237720504065,CONVERGENCE: RELATIVE REDUCTION OF F <= FACTR*EPSMCH,57.95809006690979,31,19
484,False,-4422.22048364216,ABNORMAL: ,18.091509103775024,31,23
485,True,1000000000000.0,CONVERGENCE: NORM OF PROJECTED GRADIENT <= PGTOL,0.7921199798583984,31,21
486,True,-4352.122823744758,CONVERGENCE: RELATIVE REDUCTION OF F <= FACTR*EPSMCH,51.741483211517334,31,19
487,True,-4929.31687263254,CONVERGENCE: RELATIVE REDUCTION OF F <= FACTR*EPSMCH,122.87731313705444,31,19
488,True,-5257.205632769919,CONVERGENCE: RELATIVE REDUCTION OF F <= FACTR*EPSMCH,359.74890327453613,31,18
489,True,-4848.316951819293,CONVERGENCE: RELATIVE REDUCTION OF F <= FACTR*EPSMCH,214.52479672431943,31,16
490,True,1000000000000.0,CONVERGENCE: NORM OF PROJECTED GRADIENT <= PGTOL,0.6948342323303223,31,20
491,True,-4783.58845782424,CONVERGENCE: RELATIVE REDUCTION OF F <= FACTR*EPSMCH,359.79934883117676,31,21
492,True,1000000000000.0,CONVERGENCE: NORM OF PROJECTED GRADIENT <= PGTOL,0.8717329502105713,31,20
493,True,-4476.830244128453,CONVERGENCE: RELATIVE REDUCTION OF F <= FACTR*EPSMCH,46.86225199699402,31,22
494,True,1000000000000.0,CONVERGENCE: NORM OF PROJECTED GRADIENT <= PGTOL,1.0877656936645508,31,18
495,True,1000000000000.0,CONVERGENCE: NORM OF PROJECTED GRADIENT <= PGTOL,1.1085240840911863,31,17
496,True,-4629.240357880971,CONVERGENCE: RELATIVE REDUCTION OF F <= FACTR*EPSMCH,95.56578493118286,31,22
497,True,-4412.905330528455,CONVERGENCE: RELATIVE REDUCTION OF F <= FACTR*EPSMCH,39.85380005836487,31,17
498,True,1000000000000.0,CONVERGENCE: NORM OF PROJECTED GRADIENT <= PGTOL,1.0853519439697266,31,20
499,True,-4788.679580388728,CONVERGENCE: RELATIVE REDUCTION OF F <= FACTR*EPSMCH,432.60242199897766,31,20
500,True,-4811.290231092458,CONVERGENCE: RELATIVE REDUCTION OF F <= FACTR*EPSMCH,290.73991799354553,31,17
501,True,1000000000000.0,CONVERGENCE: NORM OF PROJECTED GRADIENT <= PGTOL,1.0549676418304443,31,15
502,True,-5113.412773174,CONVERGENCE: RELATIVE REDUCTION OF F <= FACTR*EPSMCH,260.9520239830017,31,18
503,True,1000000000000.0,CONVERGENCE: NORM OF PROJECTED GRADIENT <= PGTOL,1.097102165222168,31,20
504,True,-4441.811081791852,CONVERGENCE: RELATIVE REDUCTION OF F <= FACTR*EPSMCH,34.16436195373535,31,16
505,True,1000000000000.0,CONVERGENCE: NORM OF PROJECTED GRADIENT <= PGTOL,1.1085901260375977,31,20
506,True,-4713.988197468222,CONVERGENCE: RELATIVE REDUCTION OF F <= FACTR*EPSMCH,356.0728871822357,31,21
507,True,-4752.693449848078,CONVERGENCE: RELATIVE REDUCTION OF F <= FACTR*EPSMCH,74.06711983680725,31,17
508,True,-4540.217722835035,CONVERGENCE: RELATIVE REDUCTION OF F <= FACTR*EPSMCH,62.87821078300476,31,19
509,True,1000000000000.0,CONVERGENCE: NORM OF PROJECTED GRADIENT <= PGTOL,0.9953808784484864,31,21
510,False,-4857.546825356561,ABNORMAL: ,151.91700506210327,31,20
511,True,-4838.653732035206,CONVERGENCE: RELATIVE REDUCTION OF F <= FACTR*EPSMCH,133.7728672027588,31,18
512,True,-4826.218304962147,CONVERGENCE: RELATIVE REDUCTION OF F <= FACTR*EPSMCH,224.2613790035248,31,20
513,True,1000000000000.0,CONVERGENCE: NORM OF PROJECTED GRADIENT <= PGTOL,1.19212007522583,31,19
514,True,-4548.5322376650765,CONVERGENCE: RELATIVE REDUCTION OF F <= FACTR*EPSMCH,29.600466012954712,31,19
515,True,-4843.542726747927,CONVERGENCE: RELATIVE REDUCTION OF F <= FACTR*EPSMCH,275.55431294441223,31,16
516,True,-4853.096454004083,CONVERGENCE: RELATIVE REDUCTION OF F <= FACTR*EPSMCH,355.65964794158936,31,20
517,True,-4733.531050704538,CONVERGENCE: RELATIVE REDUCTION OF F <= FACTR*EPSMCH,144.64782786369324,31,22
518,True,-4995.0368887729965,CONVERGENCE: RELATIVE REDUCTION OF F <= FACTR*EPSMCH,244.7487609386444,31,21
519,True,1000000000000.0,CONVERGENCE: NORM OF PROJECTED GRADIENT <= PGTOL,1.023895025253296,31,17
520,True,1000000000000.0,CONVERGENCE: NORM OF PROJECTED GRADIENT <= PGTOL,1.044398069381714,31,21
521,True,-4733.715209761938,CONVERGENCE: RELATIVE REDUCTION OF F <= FACTR*EPSMCH,107.01802110671996,31,18
522,True,-4761.0668532001755,CONVERGENCE: RELATIVE REDUCTION OF F <= FACTR*EPSMCH,149.5343930721283,31,21
523,True,-4739.326636965135,CONVERGENCE: RELATIVE REDUCTION OF F <= FACTR*EPSMCH,274.85602378845215,31,21
524,True,-4974.873650140961,CONVERGENCE: RELATIVE REDUCTION OF F <= FACTR*EPSMCH,578.9450500011444,31,19
525,True,-4562.406639318573,CONVERGENCE: RELATIVE REDUCTION OF F <= FACTR*EPSMCH,35.25118899345398,31,20
526,True,-4663.613107989768,CONVERGENCE: RELATIVE REDUCTION OF F <= FACTR*EPSMCH,27.03980088233948,31,18
527,True,-4770.470137553636,CONVERGENCE: RELATIVE REDUCTION OF F <= FACTR*EPSMCH,273.8675651550293,31,19
528,True,-4533.936225761405,CONVERGENCE: RELATIVE REDUCTION OF F <= FACTR*EPSMCH,98.2821171283722,31,20
529,True,-4985.159492545601,CONVERGENCE: RELATIVE REDUCTION OF F <= FACTR*EPSMCH,172.48761582374573,31,17
530,True,-4553.1378726490475,CONVERGENCE: RELATIVE REDUCTION OF F <= FACTR*EPSMCH,37.24845790863037,31,21
531,True,1000000000000.0,CONVERGENCE: NORM OF PROJECTED GRADIENT <= PGTOL,1.0238850116729736,31,20
532,True,1000000000000.0,CONVERGENCE: NORM OF PROJECTED GRADIENT <= PGTOL,0.9682481288909912,31,23
533,True,1000000000000.0,CONVERGENCE: NORM OF PROJECTED GRADIENT <= PGTOL,0.9066660404205322,31,22
534,True,-4486.834405406186,CONVERGENCE: RELATIVE REDUCTION OF F <= FACTR*EPSMCH,93.85031008720398,31,23
535,True,-4910.20867578302,CONVERGENCE: RELATIVE REDUCTION OF F <= FACTR*EPSMCH,114.76761484146118,31,19
536,True,-4411.777482061593,CONVERGENCE: RELATIVE REDUCTION OF F <= FACTR*EPSMCH,17.144925832748413,31,21
537,True,-4549.068417166624,CONVERGENCE: RELATIVE REDUCTION OF F <= FACTR*EPSMCH,31.794068098068237,31,21
538,True,1000000000000.0,CONVERGENCE: NORM OF PROJECTED GRADIENT <= PGTOL,1.077805995941162,31,21
539,True,-5101.103251354884,CONVERGENCE: RELATIVE REDUCTION OF F <= FACTR*EPSMCH,462.57038712501526,31,21
540,False,-4723.445043168366,ABNORMAL: ,22.049354076385494,31,20
541,True,-4851.995753584077,CONVERGENCE: RELATIVE REDUCTION OF F <= FACTR*EPSMCH,57.841784954071045,31,18
542,True,-4774.961906886046,CONVERGENCE: RELATIVE REDUCTION OF F <= FACTR*EPSMCH,360.2239902019501,31,19
543,True,-4825.614907128686,CONVERGENCE: RELATIVE REDUCTION OF F <= FACTR*EPSMCH,203.54421997070312,31,19
544,True,1000000000000.0,CONVERGENCE: NORM OF PROJECTED GRADIENT <= PGTOL,0.9755990505218506,31,21
545,True,-4689.026363949369,CONVERGENCE: RELATIVE REDUCTION OF F <= FACTR*EPSMCH,273.8792450428009,31,21
546,True,-4705.684772952022,CONVERGENCE: RELATIVE REDUCTION OF F <= FACTR*EPSMCH,275.25396609306335,31,19
547,True,-4998.489125740218,CONVERGENCE: RELATIVE REDUCTION OF F <= FACTR*EPSMCH,58.73640489578247,31,20
548,True,-4856.885855452253,CONVERGENCE: RELATIVE REDUCTION OF F <= FACTR*EPSMCH,354.37866377830505,31,20
549,True,-4811.367131590356,CONVERGENCE: RELATIVE REDUCTION OF F <= FACTR*EPSMCH,367.6432750225067,31,22
550,True,-4747.971817711301,CONVERGENCE: RELATIVE REDUCTION OF F <= FACTR*EPSMCH,160.20842599868774,31,19
551,True,1000000000000.0,CONVERGENCE: NORM OF PROJECTED GRADIENT <= PGTOL,0.9165530204772948,31,22
552,True,-4859.963520490924,CONVERGENCE: RELATIVE REDUCTION OF F <= FACTR*EPSMCH,158.8078031539917,31,18
553,True,1000000000000.0,CONVERGENCE: NORM OF PROJECTED GRADIENT <= PGTOL,0.817133903503418,31,19
554,True,-4584.702875576756,CONVERGENCE: RELATIVE REDUCTION OF F <= FACTR*EPSMCH,19.758137226104736,31,19
555,True,-4482.063561573919,CONVERGENCE: RELATIVE REDUCTION OF F <= FACTR*EPSMCH,87.73809099197388,31,19
556,True,-4744.149888193786,CONVERGENCE: RELATIVE REDUCTION OF F <= FACTR*EPSMCH,63.59369897842407,31,19
557,True,-4480.964137830643,CONVERGENCE: RELATIVE REDUCTION OF F <= FACTR*EPSMCH,40.57947301864624,31,18
558,True,-4508.094675064828,CONVERGENCE: RELATIVE REDUCTION OF F <= FACTR*EPSMCH,22.76006817817688,31,20
559,True,-5078.361540124188,CONVERGENCE: RELATIVE REDUCTION OF F <= FACTR*EPSMCH,263.0921688079834,31,20
560,True,-4249.961381666339,CONVERGENCE: RELATIVE REDUCTION OF F <= FACTR*EPSMCH,42.85928988456726,31,20
561,False,-4404.144978870222,ABNORMAL: ,18.54965591430664,31,19
562,True,1000000000000.0,CONVERGENCE: NORM OF PROJECTED GRADIENT <= PGTOL,0.8462958335876465,31,18
563,True,1000000000000.0,CONVERGENCE: NORM OF PROJECTED GRADIENT <= PGTOL,0.8291158676147461,31,19
564,True,1000000000000.0,CONVERGENCE: NORM OF PROJECTED GRADIENT <= PGTOL,0.8130171298980713,31,20
565,True,1000000000000.0,CONVERGENCE: NORM OF PROJECTED GRADIENT <= PGTOL,0.8762922286987305,31,20
566,True,1000000000000.0,CONVERGENCE: NORM OF PROJECTED GRADIENT <= PGTOL,0.8382573127746582,31,21
567,True,-4794.821106567425,CONVERGENCE: RELATIVE REDUCTION OF F <= FACTR*EPSMCH,163.79751777648926,31,20
568,True,1000000000000.0,CONVERGENCE: NORM OF PROJECTED GRADIENT <= PGTOL,0.8107540607452393,31,16
569,True,-4719.60607497297,CONVERGENCE: RELATIVE REDUCTION OF F <= FACTR*EPSMCH,171.86768913269043,31,21
570,True,-4481.524399549533,CONVERGENCE: RELATIVE REDUCTION OF F <= FACTR*EPSMCH,15.657242059707642,31,19
571,True,-4642.527380996889,CONVERGENCE: RELATIVE REDUCTION OF F <= FACTR*EPSMCH,151.01374506950378,31,21
572,True,-4950.528499534864,CONVERGENCE: RELATIVE REDUCTION OF F <= FACTR*EPSMCH,57.395501136779785,31,22
573,True,1000000000000.0,CONVERGENCE: NORM OF PROJECTED GRADIENT <= PGTOL,0.8519160747528076,31,22
574,True,-5015.756496368806,CONVERGENCE: RELATIVE REDUCTION OF F <= FACTR*EPSMCH,435.38941502571106,31,18
575,True,1000000000000.0,CONVERGENCE: NORM OF PROJECTED GRADIENT <= PGTOL,0.8889789581298828,31,19
576,False,-4691.905436863843,ABNORMAL: ,70.2561662197113,31,20
577,True,-4601.528153581115,CONVERGENCE: RELATIVE REDUCTION OF F <= FACTR*EPSMCH,26.84957599639893,31,20
578,True,1000000000000.0,CONVERGENCE: NORM OF PROJECTED GRADIENT <= PGTOL,0.8594212532043457,31,15
579,True,-4793.441160139489,CONVERGENCE: RELATIVE REDUCTION OF F <= FACTR*EPSMCH,137.37217569351196,31,22
580,True,-4630.797168368794,CONVERGENCE: RELATIVE REDUCTION OF F <= FACTR*EPSMCH,68.53127193450928,31,23
581,True,-4684.178678509424,CONVERGENCE: RELATIVE REDUCTION OF F <= FACTR*EPSMCH,27.74647307395935,31,21
582,True,-5061.161728175139,CONVERGENCE: RELATIVE REDUCTION OF F <= FACTR*EPSMCH,195.3792939186096,31,18
583,True,-4541.113035664624,CONVERGENCE: RELATIVE REDUCTION OF F <= FACTR*EPSMCH,14.61903429031372,31,19
584,True,1000000000000.0,CONVERGENCE: NORM OF PROJECTED GRADIENT <= PGTOL,0.8556969165802002,31,21
585,True,-4815.14824791498,CONVERGENCE: RELATIVE REDUCTION OF F <= FACTR*EPSMCH,321.45336508750916,31,19
586,True,-4455.728873377255,CONVERGENCE: RELATIVE REDUCTION OF F <= FACTR*EPSMCH,15.32669186592102,31,22
587,True,-4587.038643647706,CONVERGENCE: RELATIVE REDUCTION OF F <= FACTR*EPSMCH,28.2948899269104,31,21
588,True,-4979.482598804509,CONVERGENCE: RELATIVE REDUCTION OF F <= FACTR*EPSMCH,69.45017313957214,31,19
589,True,-5046.184046517799,CONVERGENCE: RELATIVE REDUCTION OF F <= FACTR*EPSMCH,418.66187596321106,31,19
590,True,1000000000000.0,CONVERGENCE: NORM OF PROJECTED GRADIENT <= PGTOL,0.8348610401153564,31,22
591,True,-4369.646735490175,CONVERGENCE: RELATIVE REDUCTION OF F <= FACTR*EPSMCH,119.16321516036987,31,21
592,True,-4635.449781873845,CONVERGENCE: RELATIVE REDUCTION OF F <= FACTR*EPSMCH,30.31114101409912,31,21
593,True,-4739.567755977976,CONVERGENCE: RELATIVE REDUCTION OF F <= FACTR*EPSMCH,135.22554802894592,31,18
594,True,-4752.6074806728675,CONVERGENCE: RELATIVE REDUCTION OF F <= FACTR*EPSMCH,276.00682401657104,31,20
595,True,1000000000000.0,CONVERGENCE: NORM OF PROJECTED GRADIENT <= PGTOL,0.8260531425476074,31,18
596,True,1000000000000.0,CONVERGENCE: NORM OF PROJECTED GRADIENT <= PGTOL,0.8237979412078857,31,18
597,True,-4476.083848298792,CONVERGENCE: RELATIVE REDUCTION OF F <= FACTR*EPSMCH,28.63673996925354,31,19
598,True,1000000000000.0,CONVERGENCE: NORM OF PROJECTED GRADIENT <= PGTOL,0.8000109195709229,31,18
599,True,-4878.153240898108,CONVERGENCE: RELATIVE REDUCTION OF F <= FACTR*EPSMCH,237.48606395721436,31,20
600,True,-4488.571220424189,CONVERGENCE: RELATIVE REDUCTION OF F <= FACTR*EPSMCH,36.39983081817627,31,20
601,True,-4674.1438572131165,CONVERGENCE: RELATIVE REDUCTION OF F <= FACTR*EPSMCH,217.38292717933655,31,20
602,True,-5012.156879212408,CONVERGENCE: RELATIVE REDUCTION OF F <= FACTR*EPSMCH,304.0106439590454,31,18
603,True,1000000000000.0,CONVERGENCE: NORM OF PROJECTED GRADIENT <= PGTOL,0.8395287990570068,31,22
604,True,-4787.308929981196,CONVERGENCE: RELATIVE REDUCTION OF F <= FACTR*EPSMCH,301.42869806289673,31,19
605,True,1000000000000.0,CONVERGENCE: NORM OF PROJECTED GRADIENT <= PGTOL,0.7791769504547119,31,20
606,True,-4532.349729336532,CONVERGENCE: RELATIVE REDUCTION OF F <= FACTR*EPSMCH,11.896908044815063,31,21
607,True,1000000000000.0,CONVERGENCE: NORM OF PROJECTED GRADIENT <= PGTOL,0.8126039505004883,31,18
608,True,1000000000000.0,CONVERGENCE: NORM OF PROJECTED GRADIENT <= PGTOL,0.8304812908172607,31,18
609,True,1000000000000.0,CONVERGENCE: NORM OF PROJECTED GRADIENT <= PGTOL,0.7951061725616455,31,20
610,True,-4440.619593275051,CONVERGENCE: RELATIVE REDUCTION OF F <= FACTR*EPSMCH,20.802300930023193,31,18
611,True,-4861.212929270108,CONVERGENCE: RELATIVE REDUCTION OF F <= FACTR*EPSMCH,181.00556302070615,31,21
612,True,-4800.050933314409,CONVERGENCE: RELATIVE REDUCTION OF F <= FACTR*EPSMCH,81.41453409194946,31,22
613,True,-4733.142168141221,CONVERGENCE: RELATIVE REDUCTION OF F <= FACTR*EPSMCH,46.382981061935425,31,19
614,True,-5025.199694699261,CONVERGENCE: RELATIVE REDUCTION OF F <= FACTR*EPSMCH,489.0044238567352,31,19
615,True,-4475.418927139745,CONVERGENCE: RELATIVE REDUCTION OF F <= FACTR*EPSMCH,17.405879974365234,31,22
616,True,-4295.177971847872,CONVERGENCE: RELATIVE REDUCTION OF F <= FACTR*EPSMCH,56.07080101966858,31,20
617,False,-4794.621462928215,"STOP: TOTAL NO. OF F,G EVALUATIONS EXCEEDS LIMIT",818.0794479846954,31,22
618,True,-4950.580422177487,CONVERGENCE: RELATIVE REDUCTION OF F <= FACTR*EPSMCH,482.0623872280121,31,17
619,True,-4939.531721263778,CONVERGENCE: RELATIVE REDUCTION OF F <= FACTR*EPSMCH,72.97072887420654,31,19
620,True,-4588.020471059974,CONVERGENCE: RELATIVE REDUCTION OF F <= FACTR*EPSMCH,20.037911891937256,31,23
621,True,-4416.207688466225,CONVERGENCE: RELATIVE REDUCTION OF F <= FACTR*EPSMCH,40.390373945236206,31,20
622,True,1000000000000.0,CONVERGENCE: NORM OF PROJECTED GRADIENT <= PGTOL,1.2541797161102295,31,17
623,True,1000000000000.0,CONVERGENCE: NORM OF PROJECTED GRADIENT <= PGTOL,1.2287800312042236,31,21
624,True,1000000000000.0,CONVERGENCE: NORM OF PROJECTED GRADIENT <= PGTOL,1.1353580951690674,31,21
625,True,-4990.08003653493,CONVERGENCE: RELATIVE REDUCTION OF F <= FACTR*EPSMCH,536.4011809825897,31,17
626,True,-4720.736757109686,CONVERGENCE: RELATIVE REDUCTION OF F <= FACTR*EPSMCH,378.7344801425934,31,21
627,False,-4501.794025595299,ABNORMAL: ,38.27905797958374,31,21
628,True,-4858.1917908933465,CONVERGENCE: RELATIVE REDUCTION OF F <= FACTR*EPSMCH,113.47346091270448,31,21
629,True,-4411.5720073099155,CONVERGENCE: RELATIVE REDUCTION OF F <= FACTR*EPSMCH,43.79847812652588,31,20
630,True,-4526.144707441389,CONVERGENCE: RELATIVE REDUCTION OF F <= FACTR*EPSMCH,25.661902904510494,31,21
631,True,-4412.146235782759,CONVERGENCE: RELATIVE REDUCTION OF F <= FACTR*EPSMCH,36.95168590545654,31,23
632,True,1000000000000.0,CONVERGENCE: NORM OF PROJECTED GRADIENT <= PGTOL,1.343703031539917,31,22
633,True,1000000000000.0,CONVERGENCE: NORM OF PROJECTED GRADIENT <= PGTOL,1.0957889556884766,31,21
634,True,-4767.751804875194,CONVERGENCE: RELATIVE REDUCTION OF F <= FACTR*EPSMCH,45.58869004249573,31,24
635,True,-4918.981577622011,CONVERGENCE: RELATIVE REDUCTION OF F <= FACTR*EPSMCH,113.42692494392396,31,16
636,True,1000000000000.0,CONVERGENCE: NORM OF PROJECTED GRADIENT <= PGTOL,0.982473850250244,31,20
637,True,1000000000000.0,CONVERGENCE: NORM OF PROJECTED GRADIENT <= PGTOL,0.97186279296875,31,21
638,True,1000000000000.0,CONVERGENCE: NORM OF PROJECTED GRADIENT <= PGTOL,0.936352014541626,31,20
639,True,-5029.060229517806,CONVERGENCE: RELATIVE REDUCTION OF F <= FACTR*EPSMCH,60.62624382972717,31,19
640,True,1000000000000.0,CONVERGENCE: NORM OF PROJECTED GRADIENT <= PGTOL,0.9005868434906006,31,19
641,True,-4858.41777525923,CONVERGENCE: RELATIVE REDUCTION OF F <= FACTR*EPSMCH,183.28632998466492,31,20
642,True,-4953.709661978777,CONVERGENCE: RELATIVE REDUCTION OF F <= FACTR*EPSMCH,18.84039092063904,31,19
643,True,-5031.925637850181,CONVERGENCE: RELATIVE REDUCTION OF F <= FACTR*EPSMCH,299.7535569667816,31,21
644,True,-4952.208757541169,CONVERGENCE: RELATIVE REDUCTION OF F <= FACTR*EPSMCH,116.2134439945221,31,20
645,True,-4613.416061768109,CONVERGENCE: RELATIVE REDUCTION OF F <= FACTR*EPSMCH,96.32183122634888,31,21
646,False,-4516.3731835201725,ABNORMAL: ,22.121723890304565,31,20
647,True,1000000000000.0,CONVERGENCE: NORM OF PROJECTED GRADIENT <= PGTOL,1.1003820896148682,31,20
648,True,1000000000000.0,CONVERGENCE: NORM OF PROJECTED GRADIENT <= PGTOL,1.0491740703582764,31,21
649,True,-4768.263532729921,CONVERGENCE: RELATIVE REDUCTION OF F <= FACTR*EPSMCH,211.04728889465332,31,19
650,True,-4847.547411573158,CONVERGENCE: RELATIVE REDUCTION OF F <= FACTR*EPSMCH,241.7700378894806,31,18
651,True,1000000000000.0,CONVERGENCE: NORM OF PROJECTED GRADIENT <= PGTOL,1.0170588493347168,31,18
652,True,-4624.396332074566,CONVERGENCE: RELATIVE REDUCTION OF F <= FACTR*EPSMCH,84.68570613861084,31,21
653,True,-4468.027258142053,CONVERGENCE: RELATIVE REDUCTION OF F <= FACTR*EPSMCH,23.518991708755493,31,25
654,True,-4428.740101232494,CONVERGENCE: RELATIVE REDUCTION OF F <= FACTR*EPSMCH,70.75644898414612,31,18
655,True,-4482.797056229307,CONVERGENCE: RELATIVE REDUCTION OF F <= FACTR*EPSMCH,33.29318284988403,31,23
656,True,-4363.6228264707015,CONVERGENCE: RELATIVE REDUCTION OF F <= FACTR*EPSMCH,34.57309007644653,31,19
657,True,-4720.117017186022,CONVERGENCE: RELATIVE REDUCTION OF F <= FACTR*EPSMCH,318.42902994155884,31,19
658,True,-4592.13151590597,CONVERGENCE: RELATIVE REDUCTION OF F <= FACTR*EPSMCH,26.64659094810486,31,20
659,False,-4591.211655880507,ABNORMAL: ,174.73571825027466,31,21
660,True,1000000000000.0,CONVERGENCE: NORM OF PROJECTED GRADIENT <= PGTOL,1.1331498622894287,31,19
661,True,-4388.0904854138325,CONVERGENCE: RELATIVE REDUCTION OF F <= FACTR*EPSMCH,20.44344401359558,31,18
662,True,-4895.384618620034,CONVERGENCE: RELATIVE REDUCTION OF F <= FACTR*EPSMCH,278.51177978515625,31,19
663,True,-4423.087630124062,CONVERGENCE: RELATIVE REDUCTION OF F <= FACTR*EPSMCH,42.57805013656616,31,20
664,True,1000000000000.0,CONVERGENCE: NORM OF PROJECTED GRADIENT <= PGTOL,1.1347591876983645,31,20
665,True,-4674.2263101289445,CONVERGENCE: RELATIVE REDUCTION OF F <= FACTR*EPSMCH,20.414591073989868,31,18
666,True,-4558.648354754851,CONVERGENCE: RELATIVE REDUCTION OF F <= FACTR*EPSMCH,49.55712008476257,31,23
667,True,-4693.891214781822,CONVERGENCE: RELATIVE REDUCTION OF F <= FACTR*EPSMCH,103.209086894989,31,23
668,True,-4840.638411906787,CONVERGENCE: RELATIVE REDUCTION OF F <= FACTR*EPSMCH,212.5724620819092,31,16
669,True,-4453.668583750128,CONVERGENCE: RELATIVE REDUCTION OF F <= FACTR*EPSMCH,30.92464804649353,31,17
670,False,-4579.628973252883,ABNORMAL: ,116.58023190498352,31,20
671,True,-4797.97387424242,CONVERGENCE: RELATIVE REDUCTION OF F <= FACTR*EPSMCH,25.38388395309448,31,22
672,True,-4915.103361866515,CONVERGENCE: RELATIVE REDUCTION OF F <= FACTR*EPSMCH,73.37976098060608,31,23
673,True,-4551.568575950726,CONVERGENCE: RELATIVE REDUCTION OF F <= FACTR*EPSMCH,10.52893590927124,31,21
674,True,-4888.512302741744,CONVERGENCE: RELATIVE REDUCTION OF F <= FACTR*EPSMCH,147.79281091690063,31,19
675,True,1000000000000.0,CONVERGENCE: NORM OF PROJECTED GRADIENT <= PGTOL,0.8724379539489746,31,19
676,True,-4378.980260981727,CONVERGENCE: RELATIVE REDUCTION OF F <= FACTR*EPSMCH,53.689801931381226,31,18
677,True,-4909.557959709351,CONVERGENCE: RELATIVE REDUCTION OF F <= FACTR*EPSMCH,513.6201021671295,31,20
678,True,-4667.155242822141,CONVERGENCE: RELATIVE REDUCTION OF F <= FACTR*EPSMCH,55.094611167907715,31,24
679,True,1000000000000.0,CONVERGENCE: NORM OF PROJECTED GRADIENT <= PGTOL,0.9619426727294922,31,21
680,True,-4486.264670615455,CONVERGENCE: RELATIVE REDUCTION OF F <= FACTR*EPSMCH,62.846303939819336,31,19
681,True,1000000000000.0,CONVERGENCE: NORM OF PROJECTED GRADIENT <= PGTOL,0.9791321754455566,31,20
682,True,1000000000000.0,CONVERGENCE: NORM OF PROJECTED GRADIENT <= PGTOL,0.9721999168395996,31,18
683,True,-4494.137266674889,CONVERGENCE: RELATIVE REDUCTION OF F <= FACTR*EPSMCH,28.251696825027462,31,21
684,True,-4784.649226275545,CONVERGENCE: RELATIVE REDUCTION OF F <= FACTR*EPSMCH,288.381618976593,31,22
685,True,1000000000000.0,CONVERGENCE: NORM OF PROJECTED GRADIENT <= PGTOL,0.994624137878418,31,19
686,True,1000000000000.0,CONVERGENCE: NORM OF PROJECTED GRADIENT <= PGTOL,0.9254820346832277,31,20
687,True,-4489.5131176317,CONVERGENCE: RELATIVE REDUCTION OF F <= FACTR*EPSMCH,15.881861925125122,31,16
688,True,-4540.246904047555,CONVERGENCE: RELATIVE REDUCTION OF F <= FACTR*EPSMCH,86.27009201049805,31,19
689,True,1000000000000.0,CONVERGENCE: NORM OF PROJECTED GRADIENT <= PGTOL,0.9667658805847168,31,20
690,True,-4922.231125738646,CONVERGENCE: RELATIVE REDUCTION OF F <= FACTR*EPSMCH,257.1411111354828,31,18
691,True,-4787.6795621647325,CONVERGENCE: RELATIVE REDUCTION OF F <= FACTR*EPSMCH,352.2064137458801,31,20
692,True,1000000000000.0,CONVERGENCE: NORM OF PROJECTED GRADIENT <= PGTOL,0.9592220783233644,31,20
693,True,1000000000000.0,CONVERGENCE: NORM OF PROJECTED GRADIENT <= PGTOL,0.9506800174713136,31,24
694,True,-4618.054626100115,CONVERGENCE: RELATIVE REDUCTION OF F <= FACTR*EPSMCH,31.082926034927368,31,16
695,True,1000000000000.0,CONVERGENCE: NORM OF PROJECTED GRADIENT <= PGTOL,1.0988497734069824,31,18
696,True,-4363.036494991043,CONVERGENCE: RELATIVE REDUCTION OF F <= FACTR*EPSMCH,20.9321870803833,31,20
697,False,-4465.282442193436,ABNORMAL: ,20.67698383331299,31,19
698,True,-4975.660615241346,CONVERGENCE: RELATIVE REDUCTION OF F <= FACTR*EPSMCH,425.8111798763275,31,18
699,True,1000000000000.0,CONVERGENCE: NORM OF PROJECTED GRADIENT <= PGTOL,0.9376602172851562,31,19
700,True,-4899.9193843043595,CONVERGENCE: RELATIVE REDUCTION OF F <= FACTR*EPSMCH,352.18845415115356,31,23
