Province,Year,q_danlei,q_daogu,q_doulei,q_guaguo,q_nailei,q_niurou,q_qinlei,q_shucai,q_shuichanpin,q_tang,q_xiaomai,q_yangrou,q_youliao,q_zaliang,q_zhurou
11,2015,1.2224836118194224,1.283240719446866,2.121830399568442,1.1027877139121158,1.2352183888457478,1.4650391300259649,1.3485846428472341,1.2306762403894078,1.2558212369955832,2.1383137922531747,1.2677563930605984,1.6989699483499023,1.0575957732039307,1.3001583202203828,1.4574487119599795
11,2016,1.1743038166236572,1.2274420230940903,2.0309379837666954,1.0949556281417383,1.1143459881110052,1.334786301291687,1.3632840726763202,1.1761526605317871,1.3902968022185889,1.2064709506142943,1.2266111935570165,1.9567617355688092,1.0137687849381247,1.225303791457439,1.351566934047191
11,2017,1.1683844048842504,1.1766190302746455,1.7855589104261687,1.067286008727773,1.1314418749074604,1.261254799022612,1.3511817730551223,1.147896297471231,1.3668640294989405,1.2092802670156773,1.2096090586191177,1.6151114136947102,1.0150125151376874,1.2196557165974682,1.2977382028086457
11,2018,1.1692007796804997,1.297032319464142,1.922531685964106,1.0792043968596254,1.161869187847014,1.5337440709593175,1.317375295283221,1.2334488352359185,1.3229487445233596,1.2262133126843302,1.2466910847802959,1.745628730089335,1.0576992473291367,1.2476085723924868,1.361219569537659
11,2019,1.145999722598557,1.2433610372898145,1.8754473391739075,1.07504477394795,1.1418551089953626,1.3856284458763386,1.3394435239437186,1.2049404296149584,1.2921365717786308,1.250060276122837,1.2413276937308562,1.5688944517506,1.0577099340902254,1.2830518950386023,1.3424975855830006
11,2020,1.142526349885233,1.2319051954249562,1.8544206712137066,1.0818772800320196,1.134854035802587,1.3503989514237353,1.3409149500929816,1.1696306491923631,1.3112040773887141,1.3316654123879101,1.206729813771048,1.5127926411318666,1.029072228564116,1.20758336385733,1.2982696895630985
11,2021,1.2192413067622185,1.263613364898175,1.8544879645078285,1.084393496210799,1.1625209498578242,1.4008188506489556,1.3126862981672822,1.2288974249962414,1.2131052873301447,1.2823836300716898,1.249681981816285,1.3968047336795706,1.0516890453068821,1.3093984911610381,1.432175187644198
11,2022,1.1440835554437452,1.2441466052233408,1.9103328227193919,1.075263177757657,1.1253316845682888,1.4077708180992632,1.3268071153243248,1.2062429823918,1.290704246137303,1.2734254389232063,1.240451982812513,1.5874404673198572,1.0579748007450451,1.2828688608098386,1.351333434504606
11,2023,1.171051187978954,1.2052873943317215,1.8042646834350338,1.0736099755323554,1.112989962031225,1.3214941753081895,1.3670687946866922,1.1654793168180058,1.2893698653312087,1.2082657694273093,1.2000120129730707,1.5105661234107168,1.034622457611101,1.2438219250939768,1.2772966317276584
11,2024,1.177073810905943,1.2109460979856304,1.857660483068338,1.070714768192989,1.1126343830420617,1.3372506459382119,1.3702604017448567,1.1651743078901933,1.2906761252518668,1.2038091161818592,1.198753978504815,1.5257666020631342,1.02964189897771,1.2019643021647874,1.2780666742760314
12,2015,1.1637517064310174,1.1883793829484708,1.5615401752528508,1.0867632015733744,1.1787789970802538,1.4312742699557006,1.339516063217292,1.1832405957550975,1.2176399439931815,1.7747460111822002,1.2258010369291699,1.649638340592677,1.0691514523044676,1.2282194335268235,1.2982073224398119
12,2016,1.1462473565404068,1.1618669322483752,1.5502365784687384,1.0716349419224926,1.1083101631826389,1.3380655267957364,1.318512263664837,1.1526936823671639,1.2798616200157662,1.3146267862815786,1.205032387104638,1.7058440739185838,1.0379343444455404,1.1935356040566436,1.2444625855880347
12,2017,1.1662422747746646,1.141514549443175,1.4594990249291886,1.0657710996164709,1.140033808310705,1.3137351750782529,1.353533355006559,1.139897280716328,1.2988810354074058,1.2742299514876547,1.2100070757015788,1.5785905680030712,1.021285044725973,1.2379565147847413,1.224432975561152
12,2018,1.1572382715060168,1.2077345768441818,1.4979823579318394,1.1073134423646158,1.1531275339490237,1.5110092976479557,1.3032571361332688,1.198868974354349,1.2910111369467738,1.475851999693248,1.213443545239262,1.7130207261046566,1.0537064871475497,1.2661830539739245,1.2700743226498512
12,2019,1.142312243383892,1.1687730817576039,1.4877740162141417,1.0633016710571697,1.1373051144008013,1.3754463331249738,1.3144402645925208,1.1630926387283,1.2529387864625832,1.3497897630474278,1.205300468330808,1.5472894570970033,1.039033226009996,1.236166300990016,1.2447281623176485
12,2020,1.1463431435912979,1.1597255788337368,1.4705324456346252,1.0666146101375522,1.1191161298652794,1.3509245132890764,1.288586655922428,1.1404462461248701,1.2441038053269635,1.3266097592294726,1.1899638473505987,1.4655247864774041,1.026672872959428,1.1934983147584284,1.2215998175906135
12,2021,1.1816508066024034,1.1760103827602097,1.476921221081506,1.0701916348189973,1.134037607086976,1.3432870777594437,1.3297705763927,1.1534314181170573,1.220434327379021,1.2817325929642254,1.2023657425720413,1.403404058208396,1.0320013942605402,1.2688471570869775,1.2611925753177526
12,2022,1.1385651853039276,1.1629829137404781,1.5011007079359433,1.0614047664602635,1.120632841442063,1.3336072077266243,1.2973813641727843,1.1396155047066987,1.2364110063997111,1.2871504129786995,1.1918584414075797,1.4451283883401458,1.032116081037387,1.2377615633726755,1.2296193762879086
12,2023,1.1682960198297916,1.1484261821890878,1.4684183890426816,1.0632321796911512,1.1187149119034772,1.317174652078513,1.3390614661600269,1.129904204093845,1.2486834680650518,1.2704790986343635,1.1847379212741647,1.4576295077815813,1.0252164454057702,1.2451188717573036,1.211382662068752
12,2024,1.1729528167073608,1.1535513526052223,1.4999089412029991,1.0698296997248333,1.1189518081395269,1.3309092918160559,1.3722141822143346,1.1303566123741036,1.253197620680095,1.2592348693443964,1.19384091981974,1.4798657270380053,1.0234955355627045,1.2275086899467342,1.2134174617756133
13,2015,1.1450594079180454,1.1577709048979117,1.3911371685299947,1.079529329957622,1.161601945226404,1.4319421848892824,1.321975724282915,1.1614103092943533,1.1989469842183238,1.6630733540942766,1.2152649340408337,1.670993926188993,1.0776061281571068,1.2037063158018102,1.2461372400521513
13,2016,1.139410112818354,1.1408570323081961,1.4059163503887246,1.0640394290896094,1.1070784813018841,1.3557101520666877,1.300264286094704,1.14037120987805,1.2414930690109538,1.358300576500907,1.2028677920351931,1.6626312277761641,1.051069993251828,1.1852092062122053,1.212082836726795
13,2017,1.164514533366815,1.129408830545431,1.3595682093432235,1.0659618053203377,1.1469726928202855,1.3408389780818606,1.3528050864100358,1.1315953960378577,1.2755290787124243,1.2945618628899453,1.213288027899321,1.5775847490794082,1.0255960475972252,1.240740519867483,1.1993113372773097
13,2018,1.1524832426107228,1.18181627111289,1.3673601052429252,1.1093724340144602,1.1528434208059135,1.509908601145468,1.299444996442414,1.1806764609842717,1.2844017620980543,1.5261662171450439,1.201612356676824,1.7377215405916995,1.0534121504154204,1.2681588945340223,1.2380125011571907
13,2019,1.1411293032641743,1.1457820866460524,1.3701135313595125,1.0610246324488528,1.1380556808800029,1.3748810151731465,1.3030663455366376,1.1474017735502773,1.241057267637039,1.3831163193297582,1.197063029812188,1.5722061178736837,1.035895848071024,1.220942848263313,1.2123685004195692
13,2020,1.149963193206857,1.1375868245219187,1.3519247048995768,1.0633043579232742,1.1177098871248838,1.3558845240742967,1.275771402278383,1.1282020976654232,1.2240884719474798,1.3094065705935114,1.1876517604560266,1.4622037906948429,1.0249611836265924,1.1884079363703972,1.1942598623686889
13,2021,1.1734371183801298,1.150353922722127,1.3585423518673974,1.0668011521525738,1.129651689668953,1.3455698214953218,1.3395137186014083,1.1312995746100007,1.2218015945827219,1.2821703807579874,1.1930159910035871,1.437459034600258,1.028245962024464,1.258537046108734,1.2075917562774323
13,2022,1.1409684587260507,1.1382988312908386,1.3721711309015243,1.0577303736389965,1.1229875383192731,1.3250947592539846,1.2920165640621502,1.1180012582991703,1.220718150991982,1.2984376623396547,1.181275190417009,1.4174569250262536,1.0259609474027864,1.2270476325896638,1.190620032054794
13,2023,1.1701064661866216,1.1317890657755771,1.3654407869418779,1.0637816752556757,1.124233495182121,1.3280026776578295,1.3365573440462803,1.1185186960723634,1.235603339404444,1.2885544759213912,1.1850820484849232,1.4693433656301822,1.0243977731423453,1.246415749169849,1.1898550901911253
13,2024,1.173875543958586,1.1361160529098306,1.3889920858918892,1.0721587649814013,1.1269919026890054,1.3343591998140776,1.3773521856450182,1.1194380011286174,1.242231409329104,1.2869444114211437,1.1977327430638371,1.485774732035758,1.0236241541798787,1.2364287787143255,1.1931059461433458
14,2015,1.1437021402627694,1.151717976216161,1.345895787382986,1.0781394114669702,1.1642460063462114,1.4387646475265785,1.3104414533768582,1.1522129259817513,1.1947848201347373,1.6169504534500256,1.2183034355217863,1.6889943851303828,1.086985235205516,1.202392663319388,1.230019827287492
14,2016,1.142318919180111,1.1379455129063574,1.3684632404985593,1.0618352036211112,1.112048328572555,1.3737831666569622,1.2938843881791766,1.1340557439285313,1.2339194896598822,1.3728720102982193,1.2083002251561727,1.6587190367705056,1.0610107532798696,1.1882182106848895,1.203488475873158
14,2017,1.1685858578163741,1.1290959475518678,1.3333356378728694,1.0658408392847665,1.1557321911967664,1.3598087000361214,1.3531433241325135,1.1251573367271948,1.274116363371656,1.312007062870758,1.2188028268499864,1.5779802155660245,1.0294237098679753,1.2471618266280733,1.1925733211853975
14,2018,1.1565934394260344,1.1772275917761255,1.3346687042177034,1.0996420068109451,1.160102106437913,1.5119934770125232,1.3038289180794043,1.170121350052415,1.285814736530407,1.522471345174294,1.2035574581766866,1.7387131581719422,1.0537838020042325,1.2722408414016175,1.2266836390360172
14,2019,1.143938671374948,1.1417256810294152,1.3402068965658214,1.0618306534390478,1.1435250649872928,1.3763762288506658,1.3018508987537376,1.1416432223366142,1.2429309221588147,1.3832418602604726,1.199410652103143,1.5926625106403194,1.037218280397704,1.223129505783506,1.202224695165242
14,2020,1.1556878509548976,1.1332158779569268,1.3210606062407968,1.0639359624726064,1.1239546807099903,1.3556732280699204,1.2757438362409332,1.1224545307404428,1.2242582389067411,1.284348395369265,1.1915359666983796,1.4602593678744504,1.0237882583077185,1.1923752694131053,1.18495999999843
14,2021,1.178021651279195,1.1462511666602584,1.3279197474022855,1.0659803741159073,1.135050080208161,1.3579599087007306,1.346411327644181,1.1270248906219944,1.228508457285967,1.2897659293840114,1.1971747604181509,1.4687664030208718,1.028808810726252,1.2638983526624226,1.1943049348546129
14,2022,1.1494909899369758,1.1336201494859328,1.3400143163018796,1.0575207397784543,1.13113247435168,1.3382156881851575,1.2954610585572892,1.113662558655477,1.224636176904577,1.3058424728083489,1.1845417192478818,1.4220717119840907,1.0251398309091329,1.2331332200742662,1.1815650382985006
14,2023,1.1781637305715726,1.1294911406518735,1.3407211919210718,1.0659428830288376,1.1323947006637505,1.3412530333495565,1.338902075543943,1.116356753190807,1.2367999267121532,1.3057234777391764,1.191753436806509,1.485725113308668,1.025660285709858,1.2559894125256859,1.1856484298081653
14,2024,1.1801550453143543,1.1332161389508841,1.361617621212857,1.073130393394132,1.1361898241611923,1.3432995005662003,1.3792783960371158,1.1167100448905145,1.2448936388919711,1.3077157139553814,1.2051863897845476,1.4941387608015744,1.025188275874128,1.246630781017122,1.1892130397060816
15,2015,1.152149887236481,1.161958288088062,1.3851495032775554,1.0822817991300049,1.1764524479241791,1.4331939265474205,1.3211886820688896,1.1605281672446777,1.2059742422568676,1.6316713661262474,1.2242989007304195,1.6673998025789787,1.0880418086971053,1.2150484205821461,1.2428797390422222
15,2016,1.1466018512947074,1.146246833966368,1.3993259713804223,1.0643037500324988,1.1187168971418686,1.3665583821785514,1.3003235065731904,1.13851251207261,1.249217688262593,1.3616230971751389,1.211281068359873,1.6501991399727027,1.0597866722826557,1.194362455753314,1.2102990610139162
15,2017,1.1731463988375292,1.1358091899309235,1.3564072047116702,1.0653575571421026,1.1589307859365297,1.3560894644734955,1.3532890342768773,1.1290664583117944,1.286209887930143,1.3205927323965034,1.2205930898073107,1.571665576447426,1.0295034121191657,1.2547539367842275,1.2005292992182275
15,2018,1.1637973528871832,1.1834907423593444,1.367052691932723,1.0963310827867152,1.166306821201691,1.5060816549119267,1.3075136482024021,1.1753680693350532,1.2873748415497175,1.5175487548137705,1.2137543698344757,1.699186825740817,1.0530342136524504,1.2782778257021787,1.2347979806603249
15,2019,1.1476820350484298,1.148565221482119,1.367197027001817,1.062818215766015,1.1477146041742479,1.3755071369544958,1.307429648866777,1.1456356030183694,1.249597780890445,1.3624860132745764,1.2037748967270028,1.5740874662281805,1.0371674744652537,1.2325081991954019,1.2101747244552825
15,2020,1.1574472427833131,1.1398084484314004,1.350154514249661,1.0654083663792584,1.1290214000399241,1.3487604617613584,1.2795873546967482,1.1263532881771288,1.2337200362739045,1.2880483771468112,1.1949844664513933,1.4528834363610212,1.0250071376293433,1.1987029590398162,1.193102291730318
15,2021,1.1832355776916312,1.1537768544751323,1.3578283516826952,1.066373743684101,1.1402024317576447,1.3504138907258099,1.3450393686017477,1.1329011364687007,1.235246237208615,1.2997247622446473,1.2021507133936602,1.4541260850973188,1.0293471964778067,1.2720087848728525,1.2085370823342585
15,2022,1.1532799067761716,1.1409915864300872,1.3745337650934002,1.058791145086487,1.136417847171402,1.3410926020883418,1.3003509505191235,1.1212015838702127,1.2357328707139332,1.3053153260232464,1.1898777182567366,1.4275533187010054,1.025840714399608,1.2414948601797007,1.1929023283298767
15,2023,1.1819875952073502,1.1345383997881477,1.367061898254715,1.0643290292501595,1.1359595444434796,1.3384622953233043,1.3380455531165742,1.1200763587454567,1.24564064437581,1.3179681822296012,1.1946588942057357,1.471031463205416,1.0255231767057045,1.263665053778548,1.1926473666243682
15,2024,1.1837520411004379,1.1386027343996836,1.3896684807412587,1.0704800740736502,1.137641491500663,1.3457349174987665,1.3747676701199678,1.1200540298964996,1.2530738829012722,1.3073618998826662,1.2066721328521164,1.4815351779307835,1.024935679098723,1.251511753420415,1.1954541089883084
21,2015,1.132368479134758,1.1531371989250956,1.1167707940915892,1.0854469771768884,1.1442372561616319,1.420588286178242,1.3594143997386008,1.1553637641369368,1.1953508073990606,1.2140394802474355,1.1895602180727203,1.1337829162798545,1.0542227764489982,1.1930864377919101,1.177527657757712
21,2016,1.1556854820237337,1.1336473620872205,1.212184269997405,1.038568250220433,1.0677950556579965,1.3030636434087113,1.307728811092604,1.1471052352875284,1.2470154055430356,1.1378222027606861,1.1474589501801673,1.1567562912066134,1.0040552902225994,1.1257739123073325,1.1585952189446265
21,2017,1.223003885072573,1.1535247338982857,1.2049277980708657,1.0476828364335906,1.0867828858144928,1.3156108955703218,1.4278183250811527,1.1000217790475517,1.2588525010820775,1.2890713364288329,1.1829115997018311,1.3411825014455308,1.0056821666805433,1.226647272371371,1.184268769189499
21,2018,1.1532429711160748,1.1604448461687484,1.166210681016782,1.0430435648137033,1.1192018002821222,1.541320009221163,1.4107325626059897,1.179871726422895,1.2474375760716565,1.6227581001677962,1.1629563362954833,1.2034039170716546,1.0547030554438594,1.2559089393521543,1.1840630428395793
21,2019,1.1309970095428699,1.1812242542368878,1.1901223646780783,1.047371159550567,1.09000963148061,1.4307502222838917,1.4336995402149686,1.1864181831828062,1.272896218068708,1.5149260326317788,1.1655515677908357,1.3221384447813969,1.062381385023572,1.2693829607071634,1.1799411697543538
21,2020,1.1511044520715004,1.1198344958159046,1.1427030914997274,1.0363619873890626,1.064497167243561,1.2839274517701122,1.1923939632950455,1.092521568025378,1.2141736641474645,1.0708942784729227,1.1323251323676549,1.191893847856419,1.0021852107159344,1.2317290108490007,1.1478378402066465
21,2021,1.1887390903427417,1.1296068734196953,1.2408848215646295,1.0381226997300619,1.0558125035649424,1.2743175199435584,1.2548147351634384,1.0998262635770113,1.212791509350263,1.1543873434410188,1.1345695269421594,1.2336563001927734,1.0035548899639564,1.247446882213796,1.174172144566335
21,2022,1.1457421160368815,1.1153292356583044,1.24024168024838,1.037378789478103,1.067520766564077,1.3167150562008891,1.1536485442995374,1.104767184561855,1.2037883741374515,1.078347347153918,1.1198724735237764,1.2362695528966776,1.002855326483289,1.2192328937744983,1.181132146402961
21,2023,1.2349210004458249,1.1192763564025057,1.2111945767496417,1.0394882373579557,1.061897550608503,1.2534479617500165,1.2040742223078884,1.119106772396887,1.1965875635523402,1.221128432674903,1.1166171870467974,1.2406896202120847,1.0049031198316825,1.2810275698726663,1.1996731292601728
21,2024,1.2132007749826361,1.1238573370989193,1.2741440399951771,1.051340783626772,1.042917912003501,1.310212369695942,1.3117656261181683,1.0834577857592054,1.2167128690124869,1.1203033571586098,1.1379606217879814,1.3367203565092176,1.0046454360222545,1.2342446174908244,1.1820294013873551
22,2015,1.1290019944187417,1.1429383889277185,1.2701795532877003,1.0908611705602091,1.1555724875055933,1.4048493209208324,1.3834482466324478,1.1678471510545303,1.2159364477627141,1.396729723867894,1.210714838395196,1.5502906305359747,1.0803401542419764,1.216542336940165,1.2007185741999302
22,2016,1.13890837973198,1.1314376386090623,1.2837899573200553,1.057762935557323,1.110056392673282,1.341653774106005,1.2991905195171283,1.1434571215424183,1.2671094183366558,1.2661294041238345,1.184129822512697,1.4540001255971313,1.0397699748244318,1.1681217085754871,1.1798773456185707
22,2017,1.1714365037498176,1.1323857231307775,1.2632642168549877,1.0607391071164307,1.1252142806579581,1.3270405839319903,1.3590874855191555,1.1302072734495698,1.3278126121283058,1.3088205233123007,1.1949346185038672,1.4677425875690202,1.0229510875510681,1.245476781019306,1.1883740189403347
22,2018,1.1569942229469095,1.1675916964777122,1.263513999041187,1.0770028856584086,1.1341429900058393,1.4626805783508214,1.3172319098812073,1.179985299441757,1.290156282168809,1.4915134060802164,1.1987898332287066,1.4830916527794133,1.0481039015415479,1.2679925924977586,1.2109028212424955
22,2019,1.142680057946504,1.137038265020258,1.258928531165717,1.053168540830512,1.1278986257763315,1.3441564123441105,1.3205967743793352,1.1484655603783445,1.2794472862140172,1.292750629237395,1.179852160780644,1.5056477202040284,1.0343397536629326,1.2318311820349406,1.1826395113142805
22,2020,1.1500039340398143,1.1210209812632341,1.2481522470012176,1.0657990721928245,1.115311418842,1.3051486000285222,1.2689500946370085,1.1266015595442722,1.2547516210631822,1.167662474349605,1.166347370985649,1.4020472824748005,1.0172944282209275,1.2066134967549706,1.1703424126127067
22,2021,1.1681216519791497,1.1350943604039603,1.265478586821084,1.0562537547976463,1.1135446610052178,1.284434156047342,1.3141144306196169,1.1227252024710628,1.2841277868392451,1.206569372148879,1.170006022650687,1.4131002406241187,1.016672449375359,1.2601994299303416,1.1788946073882949
22,2022,1.1426837826829248,1.1215292792994236,1.278434202543143,1.067070569014974,1.11733896308273,1.329823296133354,1.2869223205774531,1.1245790966072955,1.2770996428725996,1.213982769047263,1.161888088503905,1.4028295298728468,1.0168396937119553,1.2302948532854372,1.1734369480107203
22,2023,1.180090011821321,1.1186617961694023,1.268565027347169,1.0554536736033948,1.114151767060695,1.283468073544297,1.289263824695738,1.1155378945208763,1.2744394577763174,1.2343233363699964,1.161409719209785,1.3969068409383962,1.0173372136684413,1.260508412316436,1.1742156098847492
22,2024,1.1757960740751698,1.124558457705874,1.2977574129277654,1.0680610795043373,1.1091500368935059,1.337758371588608,1.3472426310399799,1.1108785705493323,1.2713091092923234,1.2471872696332247,1.1727085070700503,1.4199254401864403,1.0181597429658056,1.2497549581584335,1.1738465393616926
23,2015,1.0730553214243912,1.09796335951204,1.1940615760781728,1.1008901369916413,1.1152490242354314,1.3452792057567513,1.4960584759357782,1.1788949723546254,1.2218113488361764,1.1423244523753124,1.1919260736546757,1.6772684339181108,1.0833129793158076,1.212204615376135,1.140499588166389
23,2016,1.1084503164289805,1.0984888545517462,1.1418453906604333,1.0602815101285856,1.1169514394656515,1.3269848644465243,1.2849198400528103,1.1452089245974242,1.3050162937562073,1.197208438881043,1.158786023975384,1.3912341001736945,1.0301462798437226,1.1354670937380664,1.1399736834209375
23,2017,1.1123995574053485,1.1040999129859246,1.135226711942841,1.0637837642259278,1.0874458580838664,1.2838465381018163,1.3134776084090654,1.147746614755871,1.4326324967434043,1.2775511695259645,1.1557000914403217,1.3830938037166831,1.0247946036861293,1.2099125875739254,1.1620192433815497
23,2018,1.124943425853625,1.141896340953081,1.1376916230563283,1.070029093750665,1.0762243960733613,1.318860600777228,1.2613614398638278,1.1798725696112984,1.3237335136711268,1.2855203515413078,1.1794739654198472,1.3614351502491084,1.0346214889868866,1.2254353730046201,1.1757497064097149
23,2019,1.1344065771881833,1.0882318724546254,1.1109039565840053,1.0408533558553974,1.1135681933151045,1.2407479706749394,1.2561421925519343,1.1283916411187194,1.3263468425489575,1.0351237779684093,1.1465002690874841,1.5597655162612585,1.0150830447137607,1.1871623307470431,1.132130460907496
23,2020,1.1313078427331003,1.086918363500981,1.1315796347802247,1.0879245472184034,1.123245202282651,1.2508480996250604,1.3022197323402376,1.1485717192669984,1.312841505034027,1.0203308177304427,1.135104373902419,1.4852724450470303,1.0148703608309364,1.1865398322615353,1.1378204852979577
23,2021,1.1205027708895345,1.1065608416012005,1.111655267824104,1.0534182496907827,1.1048734009769585,1.1961176765684678,1.292762700291337,1.1228014557126056,1.3988090518361807,1.0509607051854646,1.1376535825641365,1.4769839512698832,1.0069534442980475,1.2308572810315606,1.1315990400155216
23,2022,1.1153595690876847,1.0897932251281706,1.1220562440007409,1.1021710992674094,1.115193279282695,1.319589705817627,1.353346180150401,1.1417981452921164,1.390359016219283,1.1417826777637605,1.1389579718893308,1.4989698888032523,1.014387014105575,1.2039296340518926,1.1285955617987273
23,2023,1.1279133630869778,1.087642437691033,1.1257670219513627,1.0533786705634154,1.1069631629314,1.2065801275873198,1.2629072277263222,1.1023529234797962,1.3684136367723703,1.0534140676872028,1.1288190781937824,1.3984234932272666,1.0135502423837566,1.2180007830195771,1.11543121351702
23,2024,1.128307567647911,1.0968066439312834,1.1444798576464703,1.0790830025548355,1.1051236366457118,1.3361876641495156,1.3274614477532085,1.1131768915585405,1.3322441955133324,1.204692393169243,1.1332651549180708,1.3970977012286296,1.017185117428921,1.2356392798485307,1.1230419923780588
31,2015,1.218370645148578,1.2218479343665047,1.7686195851872695,1.165174655316901,1.2069736044270276,1.4217012872287946,1.372713602288342,1.231718861505473,1.3669623827276147,1.2405262943002295,1.2472588878268105,1.515340163951543,1.0579748007450451,1.3043704666766907,1.3377859223709236
31,2016,1.135610380503556,1.2371424870883898,1.8911183538149567,1.077447770016443,1.1228727651652612,1.4764397062686163,1.3831768731926033,1.181168620694061,1.3062107071122158,1.2305187032561935,1.2173545859050368,1.5444972791466902,1.034430122590992,1.238913265225532,1.3436344987598297
31,2017,1.254561398103493,1.2179876896797042,1.760925239545707,1.074749511059089,1.116047035501348,1.3036719060272692,1.390328848831471,1.1885290372304862,1.4301257059399133,1.2907478159228132,1.227989671509728,1.8552429785265945,1.014388962725263,1.3013059285069024,1.3047269306504292
31,2018,1.227457854282613,1.2872766442835513,1.8897427824868387,1.0816260454595075,1.1524683545027072,1.5574339388657978,1.3000844706306862,1.2354872625068667,1.3252019232100385,1.2750801115082244,1.2435042692147882,1.7614824737812063,1.0579748007450451,1.2874871480749956,1.3682477710941832
31,2019,1.1355309832881009,1.1619885850130656,1.8203404719083658,1.066710990492886,1.1506881368656878,1.284243147899843,1.3077180074016281,1.150628258440846,1.339337969939601,1.1608020704710118,1.2107825077014922,1.5696692271450283,1.0150656549297874,1.218825796350872,1.2996003483973577
31,2020,1.142526349885233,1.2220124841109365,1.8369299094001583,1.072102364458774,1.1251590647214742,1.32436796565335,1.3718875722492705,1.1690690654751859,1.2969181589544354,1.1829892557925954,1.2105570848869251,1.5127926411318666,1.029072228564116,1.2162513615200412,1.2979671956405952
31,2021,1.1750669125590016,1.2285376558868675,1.7848638893074822,1.0660355835998294,1.1265963097679077,1.26840120503444,1.3797994516414736,1.1922804182162956,1.3590282126905597,1.1882544716819357,1.205799577670215,1.6248651361129873,1.0291393307274537,1.259565476159376,1.2753859867819146
31,2022,1.1337616590766315,1.2227712989474144,1.8748895100965126,1.074112571887273,1.1101050987277299,1.3445814499282278,1.3487246102556405,1.1656784812075809,1.299732251287179,1.1601273368910203,1.2016654843155146,1.4784441534525197,1.0293229450498311,1.2162755069380766,1.2986893152675996
31,2023,1.1824901230173088,1.2110574773129787,1.7847842040667201,1.0780518341046241,1.1221138075228643,1.363964301520893,1.3911118938521778,1.1678966015907808,1.3030247682346272,1.2587198040262721,1.2042370781839815,1.5854641206926332,1.0295133853945617,1.234757957039978,1.277547888100462
31,2024,1.1726104523334704,1.2180655536037457,1.7961666407443693,1.0708762888558614,1.0939713548074992,1.338194625395664,1.3670687946866922,1.1654793168180058,1.2893698653312087,1.2038091161818592,1.1994238864337976,1.52731094360123,1.0295133853945617,1.2438219250939768,1.2772758016705303
32,2015,1.313545111780393,1.2041203575415977,1.3050107949806156,1.1011466067719657,1.2625083474578949,1.6576758850617157,1.3129809938558858,1.2288069443800915,1.3912610987525682,2.461885986699657,1.368226882717118,1.9416837545025718,1.0629765746087019,1.4959369405159766,1.3574644517301226
32,2016,1.2476975133655972,1.1312628880590718,1.2346854324752938,1.056333034405388,1.1528813531053508,1.326532816706367,1.305988572305044,1.1306828490384353,1.3024152470049066,1.361531667585743,1.254581687316776,1.440469746719162,1.0053836246242613,1.4322788942950377,1.226704942625557
32,2017,1.3437235831161145,1.1201187676333808,1.3809027183261042,1.0369545868707248,1.2580363953276532,1.415787717930811,1.4241045157115844,1.1111203499221343,1.3828824136321778,1.4373799710246382,1.2306313873649337,1.3876864640065911,1.006217909101585,1.6423085912874493,1.2593023652784583
32,2018,1.4105565632040684,1.2163073082204288,1.4678647439807402,1.078067748699868,1.3121716019667649,1.9072037675954001,1.3827417756178053,1.2499650648683263,1.325379646965149,2.7055821175702137,1.4416165053257126,1.650970178399268,1.0634402518149546,1.7484734728751008,1.4012991077002999
32,2019,1.2480054477248594,1.134387372241553,1.4377202462390624,1.0636944622593762,1.1824146237695612,1.333407302085185,1.3699438071511192,1.1167281534430502,1.2836297838186934,1.3376052521280473,1.2430203959788202,1.3761930641781386,1.0064713550090016,1.5174147026670424,1.2968914056983194
32,2020,1.2138443465416715,1.1327598861887183,1.4352533975438042,1.0689373149619985,1.137880510112785,1.4173549531567378,1.2788847751042962,1.123340968335033,1.2800418960334434,1.5928974958830302,1.2713086065103107,1.3154110212897197,1.009022591613528,1.3920496606525181,1.2845695125713388
32,2021,1.3172132062593336,1.1345535688310862,1.4033508412843951,1.0628247118886551,1.1815370321036656,1.404469138353335,1.490983760103857,1.1062557200046674,1.3311117131739518,1.8939786635119737,1.2629427840313567,1.4558889490816807,1.0069072938968624,1.56878433687416,1.2775576301788838
32,2022,1.261689111671266,1.1331638735819747,1.4249842156716388,1.065319426394929,1.160362779786925,1.4752551580578412,1.3529987725477146,1.138706799083021,1.2915925554745569,1.7894287789756118,1.2843078138299049,1.3058939601826764,1.0079942501827832,1.521837081365759,1.256042175607971
32,2023,1.3109753914248163,1.1275075230285898,1.4046318717149329,1.069010851354182,1.1842071922114499,1.411577142265424,1.423305950158877,1.1221913245327075,1.3363702289899688,1.9026664293064728,1.2788245665993248,1.4547450928789287,1.0068513405784452,1.56878433687416,1.268987852595017
32,2024,1.28267317376428,1.1410586908217129,1.41119284744908,1.0612466034202077,1.1844225039504195,1.4445939327772817,1.4350826162420687,1.1113825154347223,1.3514121180357686,1.8627171198255488,1.2783504061388915,1.339078468323097,1.0068875102074246,1.5167249416273783,1.268987852595017
33,2015,1.1986215644547933,1.1836074660326845,1.4295420841569757,1.1066754507826604,1.205248832413669,1.4667325745182296,1.3326123130775018,1.188309916063321,1.2821566764667773,1.6419060815625541,1.262404857354713,1.677924473516846,1.0900091144299504,1.2890656861861722,1.2762296032784033
33,2016,1.163806220338076,1.1681648700896918,1.4636830778184287,1.0650887925770478,1.1331658616231364,1.3999291921582997,1.321460985528801,1.1468340691502348,1.2702118872292032,1.3445476602097288,1.2325045212597843,1.5752375446592148,1.0608347149930206,1.2561191433556655,1.2403272506973915
33,2017,1.2297454204046345,1.155642619209793,1.444245636732241,1.0621809575825578,1.176032880809506,1.3657315002088801,1.376551837102381,1.1409037565131774,1.3381409554663362,1.3632905404719886,1.232218137431542,1.614285010258488,1.0252610948786858,1.3492119526967572,1.2331295487551224
33,2018,1.2309326987446323,1.2113254594078067,1.4909338285898515,1.0875769081559854,1.201919251064449,1.584306306347685,1.3225927818397283,1.1985391775270886,1.3041748143150145,1.6767699705247268,1.2683311402189086,1.6890069494387558,1.0581146459638708,1.376261861397467,1.2913168900520104
33,2019,1.1680562229438345,1.1449550121054448,1.4702194444355638,1.0644863378128273,1.1670800471925644,1.3423396584942886,1.3197838038269425,1.13783480410054,1.2781364431599342,1.3007828384882638,1.216774365972508,1.5273284462646706,1.024225995783147,1.282566245093648,1.2398663194459432
33,2020,1.1707384332727617,1.1565471459030157,1.4657317603328142,1.0665230478272478,1.140204914197717,1.3543316363244187,1.3048896296884867,1.1348705848387126,1.2572483650707573,1.3080918228391276,1.2182461910407139,1.43616119899565,1.0237870631811417,1.242022250332972,1.2303372000564943
33,2021,1.2074951331284745,1.1654740854119727,1.4504202093050034,1.0650112480802112,1.1527249689258343,1.3388945485340082,1.389533411639735,1.1393870872154206,1.290074094782067,1.3900326321843954,1.2185363975063774,1.5041044237096226,1.0263947018805943,1.3300877720566082,1.2252914631401581
33,2022,1.1731647299370551,1.1581339291194703,1.4864207136389334,1.0621205538221554,1.144861765567734,1.3689181564914394,1.3270691868188436,1.1318720491281966,1.2627243033592181,1.355910445693921,1.2137493760354467,1.4104835369722462,1.0227961241565744,1.2901581110514173,1.223274550593169
33,2023,1.208745820625535,1.1521780778933055,1.4647817849477702,1.0683775509228974,1.1530305878571647,1.3696267300157363,1.3717385518238279,1.1316353428754886,1.2767334494883733,1.434218525190076,1.2225504104664335,1.4953001918295008,1.0251856066123843,1.3223423475802245,1.2267277370667566
33,2024,1.2011103599497615,1.1584877944068301,1.4788160321502275,1.0679184697399882,1.1456338488026856,1.3703361095711688,1.3849670890685326,1.1293751726233363,1.2798403637742939,1.4014889823675778,1.2290634849369748,1.4640262573922396,1.0252116898509165,1.310486736928659,1.2282331907453061
34,2015,1.192765464109544,1.1736775764787397,1.3255051094006496,1.0877370875308516,1.2025368905146472,1.4868087670632342,1.3205949590383308,1.1751676890084535,1.25731815365253,1.766669224966599,1.2725540853631827,1.7448479378363055,1.0983988857470997,1.2860969929739123,1.2587733270811972
34,2016,1.1719548041028565,1.1475853109774565,1.335020501705218,1.060401974362235,1.1352572592477248,1.383247430812573,1.304329730753094,1.1362244061690392,1.2583868238386433,1.3780903193608425,1.2446853442124053,1.600712801096034,1.0702573622429152,1.2667288459398562,1.2097953872124094
34,2017,1.2237335970803769,1.1355645831575245,1.3515117150253846,1.0577248662547234,1.1963718676173325,1.387747010110122,1.376123593392808,1.1260618375519322,1.3097062302773177,1.3802054223338849,1.2355609963508194,1.5467700422725563,1.0272626405658114,1.370492606436859,1.2107737125979992
34,2018,1.2336249275748423,1.1899673538101028,1.3703765371372487,1.0912812575586277,1.221970291328092,1.6019436177474806,1.3303542037745302,1.1876558531948662,1.300419755411498,1.8092622537631942,1.2788146905018363,1.6889097124644472,1.0609290855877433,1.4114308609041537,1.2702184549331303
34,2019,1.179468370244639,1.1384600669551173,1.3653806221534714,1.0637029898992012,1.1773451788969735,1.360907231164987,1.3252404973148018,1.1333027362060717,1.25858863252211,1.3410878384321196,1.2216731192392478,1.5177949542883542,1.0261443760985016,1.3057857113053528,1.221279216711205
34,2020,1.1815458018309217,1.13614382302154,1.3540047365721415,1.0636954142697108,1.147440395235884,1.3696043690981916,1.2870216576905542,1.1243476453016752,1.244982072024372,1.3452871546001592,1.222444843474683,1.41753413727006,1.0218019429576175,1.251293720976614,1.2091895270219353
34,2021,1.2173690380553261,1.145741332088797,1.3478426369833083,1.0646883866275998,1.162823126301838,1.365983298145894,1.3984757595815653,1.1232021604010545,1.268809267072224,1.449266930377665,1.2256034343623912,1.4734261965739102,1.025394818645394,1.357555480968971,1.2087761592497863
34,2022,1.1849691598054342,1.138468883356945,1.3658120175629431,1.0576861476188582,1.1574503999638885,1.3814209203060943,1.3226910410018105,1.1198404406392222,1.2478649820160104,1.4155696026370495,1.2200599162912584,1.387868347239766,1.020941860786896,1.3161390052036293,1.1992940045782863
34,2023,1.2160469474281463,1.13486174367497,1.3703136117358683,1.066348099762204,1.1655360046417398,1.3772821043976555,1.371778294191156,1.1206953481582445,1.2676576572196503,1.4907687896017041,1.2330438121019407,1.4777086761146767,1.023868996242632,1.353188804180095,1.2129657785327679
34,2024,1.2080973033078581,1.14094687158424,1.3839680074413965,1.0678393589781567,1.1646386144820888,1.3820988600717494,1.3954806888622062,1.1190029100067704,1.27558754080371,1.4687253716359372,1.2439672746437183,1.451451133069508,1.0239485741337182,1.3357759263226312,1.2148952544885374
35,2015,1.1746311976016346,1.1684613713504806,1.338851277617051,1.0895890540500894,1.2053533583557285,1.4413469484107815,1.3157522639719381,1.163691760922755,1.2342814985850956,1.6089808827569037,1.250346542664742,1.6837067820720026,1.1198683055280971,1.2471990368837447,1.2373137100554952
35,2016,1.1613470709038733,1.1563708904742245,1.364349368293303,1.0640299818264118,1.1421615070764668,1.3979701500856612,1.3018184332269982,1.136796275998282,1.2530053512406507,1.3992144736455885,1.2388683468456432,1.6140152094008242,1.0939876895016123,1.2330383186944587,1.2081990151964002
35,2017,1.2029630495836847,1.1458848730633984,1.3500224143126989,1.0636825845862983,1.1904466247839385,1.3872231987172703,1.35844634061961,1.1300544044940577,1.299537725808499,1.40184646551343,1.2409254353786667,1.5846853306865465,1.0379482577241628,1.3136265703676904,1.2045832601765982
35,2018,1.2034673769308957,1.1846614875193957,1.3637929813595602,1.0854927639541032,1.2063258171652849,1.520845866506527,1.319944067072512,1.1706093436644316,1.2931379872586244,1.5950657473147791,1.2486987064062827,1.656942849463879,1.0561876237851606,1.335545198633483,1.2407272505084914
35,2019,1.1673534141609754,1.1420524177123321,1.3603956591300281,1.065942026342489,1.1766025025623594,1.362006205507065,1.3114100968185733,1.1350946862603961,1.258349771258947,1.3346181325136506,1.2177652311901674,1.5452413960580695,1.0312391059299582,1.2591954042293019,1.2073561740914858
35,2020,1.1765121733698907,1.141507131895602,1.3497485533979823,1.0658788395665482,1.15464630335479,1.3484221837584638,1.2907833666137336,1.124813985186725,1.2420879424939644,1.292463603390822,1.2171053395759384,1.4316745024268571,1.0260715921895431,1.2245563769494092,1.1971324290970347
35,2021,1.2028874952693058,1.1528544975633517,1.349242081198554,1.066020228544035,1.1653850144488491,1.3544632246250166,1.3779917923624898,1.1290892276879865,1.2638690558042314,1.3806292492610666,1.2204426510622113,1.4860261864477589,1.0321895005196378,1.3120233596127575,1.197691082944165
35,2022,1.1768151053923555,1.1440320634766543,1.3732519923233235,1.0576618192123834,1.1636747235806382,1.3620120210538216,1.3213894186910902,1.1206316759481956,1.2514441744145697,1.3478530042420154,1.2101926530112823,1.416093816965166,1.0245525635052695,1.2752375611322913,1.1922608913005848
35,2023,1.2031377848767282,1.1397188617910778,1.3738860198062897,1.0659358402994268,1.166963364640069,1.3739716260749109,1.3592808696309837,1.1221230220153382,1.2597148733507604,1.4263749377157895,1.2258181757751532,1.4764415877911954,1.030110689590581,1.310893184138829,1.2023340459202643
35,2024,1.2006711042291043,1.1440015142432882,1.388762075350652,1.0673998204807988,1.1647377249499686,1.3749383804747066,1.3797523752574476,1.1217084052464106,1.2667442183518127,1.3959386155060858,1.2367566456221883,1.467516193342971,1.0302021239586436,1.2998236335057658,1.2052784940098702
36,2015,1.1723313431472255,1.1734255893569119,1.2991279897546322,1.0808820259512855,1.2091190340543336,1.4442459899987636,1.3148758605428674,1.157224581146604,1.223732898249851,1.612636750701521,1.2667025356804331,1.7271846227935697,1.151282981376389,1.2424434310684227,1.2257600934808874
36,2016,1.167451955015095,1.1590843376764444,1.3223224109271914,1.0622095862359435,1.1479180862243326,1.4241525433330402,1.3012132572661548,1.1346727721129308,1.2557816641979658,1.4151159679348706,1.2690735294830762,1.6666849338589798,1.1344413939949234,1.2470921534114474,1.1971749019616542
36,2017,1.2022537335128978,1.1430872455323888,1.31628329185815,1.0617970931831202,1.205716215592202,1.406887797539829,1.3622305607434815,1.1242267653106337,1.2877474126638968,1.4461068064549312,1.254487333924651,1.5829630583653425,1.044504981442725,1.3279410430488057,1.1926833260327898
36,2018,1.2055465106842391,1.1786984275381958,1.3105045905806114,1.083910361874125,1.2299903936137435,1.5105318283476705,1.331743446281135,1.1583041461925268,1.2969783488827868,1.5851938566624129,1.2554299580201327,1.6549893779421838,1.063618764532,1.3516785932386535,1.2244491877571633
36,2019,1.1780097773439662,1.140996246127532,1.3166589298719698,1.0669507249468722,1.201859784580178,1.3705064505861444,1.3197369594971746,1.1337941513176468,1.2514154303127687,1.3323699925960057,1.229975459887974,1.5386622425615497,1.0333030478257952,1.2676323562455711,1.1927618148895616
36,2020,1.1900211171472286,1.1359804005543903,1.3028268282274402,1.0625786516665505,1.1758321271169703,1.357489815391211,1.296320002891141,1.1209429013051373,1.2394015722778235,1.2756666757639805,1.2261717302372261,1.4267442159311814,1.027165657002007,1.228649093723193,1.1819247120328877
36,2021,1.2087189283112525,1.1478673797741152,1.3049220416569638,1.0663780286994444,1.1831155091788992,1.3750961188551123,1.3940423056806404,1.12562605128492,1.2573764656990067,1.3939795015836345,1.2331959868466444,1.4857055577971534,1.0386962331037684,1.3315707302836757,1.1857195726888974
36,2022,1.184473126284987,1.1412840558112745,1.3229825590910913,1.05332868778783,1.1827169310384344,1.3783078950703216,1.3289401126610345,1.1146921497181685,1.246378303481576,1.3446293235536622,1.2210338509183334,1.416181128155781,1.0276974147295277,1.2870663056212588,1.1794445447944653
36,2023,1.2041996090305578,1.1380171982877139,1.3458247326949615,1.0662211095639127,1.1872820056839644,1.3951137856827618,1.3722425087094232,1.1194573399560022,1.253323375411764,1.454083896175497,1.2459626091235838,1.4798052027956008,1.036685377580425,1.328516484496121,1.1991831859073472
36,2024,1.1996341596449567,1.1420269679204031,1.3595830190283764,1.0671889319999102,1.1863095201869458,1.3913105016148557,1.3882200042652186,1.1204763809344949,1.2605681560270614,1.4260526682779748,1.2602545032593016,1.472640353359438,1.0369539135489718,1.318198213422625,1.2024152304040217
37,2015,1.051587200222006,1.0746307391879106,1.0944434436633543,1.0553301609335508,1.0478822272616717,1.2981081101303462,1.3856491166529616,1.160416188334534,1.1327266494191797,1.6384976874413635,1.1029334775824937,1.5063540494728707,1.0103335340982744,1.0592573765573658,1.1720880644300073
37,2016,1.0584975534102181,1.0741516074907393,1.1359801649113483,1.0579922434703044,1.0504311497958254,1.1943413802440097,1.2868426801201711,1.1604596162171081,1.138561485181463,1.4351242214994553,1.1183574412930768,1.5226826012788413,1.0043605316201583,1.077686091985817,1.1456772290371218
37,2017,1.0775307799670721,1.0757560583871781,1.16020373020062,1.0731395605413918,1.0776699138728163,1.2421398667082635,1.3249629343488203,1.1793423622291674,1.1537039488166254,1.1966272622030147,1.1672329286552845,1.586157567634187,1.0073530856496051,1.1322681383201445,1.147641969454954
37,2018,1.0481548408659636,1.0932456757425135,1.0808151306959153,1.2562531364251293,1.0550569167042534,1.400782923438201,1.2099905165397744,1.212340537388312,1.218539553718003,1.7275355949147997,1.1018144019385123,1.827517911782736,1.040557706340439,1.1715487867529273,1.191511261999452
37,2019,1.0935718636007923,1.0840068755832122,1.1185706439659973,1.041455859518685,1.0764054571371027,1.3721795170471447,1.248229293525305,1.1431511265013354,1.1415360890573016,1.558900671442308,1.126273264590439,1.454537104262826,1.0051778791632722,1.0820008285708667,1.1650378374258759
37,2020,1.0915678513963443,1.080534570310644,1.1089235659360748,1.0396979579739685,1.0393677730150714,1.3707940837054813,1.2047544150296199,1.1411601023059597,1.109606593622718,1.5674651823638073,1.1268360532293427,1.4844543340751128,1.0402588409142173,1.0880036157633068,1.1641989251902751
37,2021,1.0603735503517502,1.0732032710305948,1.1224959717045506,1.0622525530048277,1.0453330787131339,1.180930470578208,1.2845274137402478,1.0731834197703054,1.1227095988328817,1.166764358915198,1.09236866380591,1.1775683730756419,1.0058762545384468,1.1019779506979166,1.0959080748972982
37,2022,1.0404584220087019,1.0713392159607598,1.1017075064251303,1.0388232678189222,1.0456042177482816,1.0805630206382733,1.2233543240687998,1.0610175631599794,1.083300432760001,1.2450337804648068,1.080116822818197,1.2316245858403458,1.0059948405627865,1.0653758824637627,1.0962319101174465
37,2023,1.0639214403735835,1.073419397014504,1.133703642700148,1.0328841084561553,1.0559630333341152,1.2026584015164854,1.2829155977839177,1.0852964179054991,1.1423416962000352,1.148128455770198,1.0971965043441916,1.2873274794792215,1.0058830970362804,1.100886310600469,1.1199271505390296
37,2024,1.0940928239182972,1.0802377713844944,1.1501337783278704,1.0667263282028032,1.059319656920212,1.2262613032787995,1.3673566446874021,1.0999853981360894,1.1442347355210372,1.114747081049497,1.1187461283038627,1.402259608882131,1.0059179746016036,1.125069682546002,1.1264868072042034
41,2015,1.0611611268298506,1.0593459467828028,1.1156148213250796,1.0481558287460004,1.0446774272994124,1.5139156031839573,1.1912258510103628,1.0674808350633416,1.0785182873480335,1.4044822024670611,1.142733356345609,1.8575077347307238,1.0532394300492183,1.0859262656348663,1.1250339378297651
41,2016,1.1056971609393929,1.0632079260390466,1.207883291677194,1.0407941707542476,1.0329252275527354,1.4501289524849414,1.2279343357088999,1.085494575751215,1.1125991972326246,1.3886820397286894,1.1381021532604336,1.7301890653219962,1.0270356511344854,1.0929330482768203,1.163119494976698
41,2017,1.1181439541889526,1.0745500468316571,1.1816490961679686,1.072428189210354,1.0879249315857877,1.3719044217556222,1.3470182385627456,1.0706511933288143,1.197625584953154,1.1527208054070088,1.1767980999919685,1.6051770169197146,1.0244955672165321,1.11069828104284,1.1326354872934392
41,2018,1.0682431138465598,1.144152445066595,1.1340122087507847,1.0806280299997166,1.0518134520179,1.5690352391659617,1.2777873519381884,1.1152292102423842,1.2818136555571433,1.3458237598951486,1.0763088008268156,2.0708760773556523,1.0521323002144758,1.142485147096673,1.1532241859473278
41,2019,1.0875105239077067,1.1023973751462688,1.1767321085055118,1.0531643107769646,1.059249666527116,1.3814574692567938,1.2525275119979076,1.1167032966161365,1.2170496914588997,1.5525887198982076,1.1444331705065274,1.8442215858781987,1.0563986557679186,1.127001436940617,1.1447088834774501
41,2020,1.1225724799033632,1.087639126225188,1.1299160676512414,1.061364008511625,1.0507304520521368,1.391926954540891,1.2428762219050815,1.0820349303077716,1.1670149125691385,1.1104587476467709,1.1366230012675314,1.5357089202387249,1.0019134410159212,1.1284339837296677,1.113198184094473
41,2021,1.1355086286217937,1.1011184995138454,1.1382492336916596,1.0617456176333553,1.0630770945979129,1.454856367773878,1.3139279907712047,1.0947643389806252,1.1814849885113066,1.0990576861780539,1.1395240958804456,1.6721536615645032,1.0237644966031803,1.1605193983663071,1.1037689867956788
41,2022,1.1119772531427845,1.0798003462538932,1.1162777300694333,1.0591166534558625,1.0522515952561509,1.353981321023084,1.2333665513044476,1.0664192187772943,1.1640771461526689,1.2463054237993263,1.1244419119179496,1.44971345837587,1.0239910024731511,1.1451415393889686,1.1078656956584476
41,2023,1.1527128548981085,1.0931881282319202,1.1509712359716595,1.0900604751167773,1.0609842362553799,1.3431675411809547,1.3137905970022008,1.0902311916288676,1.1756816758305388,1.050860451035711,1.12940941049787,1.6700468049318837,1.0252354775389894,1.1505753265614909,1.1244801108359628
41,2024,1.1538241859072913,1.0925374570321051,1.170531106565612,1.105186134221788,1.0871253062732125,1.3103833068917226,1.4009093567322917,1.086203243075954,1.1895177984204839,1.2188901466392361,1.1509524353471656,1.6492130208105518,1.0250141195952893,1.1560594798367658,1.1339747649352605
42,2015,1.1436712906004538,1.2202869489170558,1.2515830398494425,1.0536454015212229,1.219867348243471,1.468296840883334,1.3804548311536717,1.1522857768945654,1.2070555204951532,1.34651918811596,1.3826013796217067,1.8182418098841493,1.1101566788384862,1.251695749687389,1.2131543087779229
42,2016,1.1486049912492842,1.1795572098555822,1.289663849597711,1.0465605141566154,1.1865713828363458,1.473444568255375,1.3320084862205712,1.1351778904096435,1.2741490365471388,1.38453430561969,1.4440679389131426,1.8769312756141174,1.1363253942323883,1.3092354169523717,1.1698408331105503
42,2017,1.2007996796964464,1.1436371123487925,1.306067192557133,1.0463678424443426,1.2876362273261417,1.4889235975479163,1.4132223210327755,1.1234060741063971,1.2884754988252705,1.336686591798448,1.3134399984455714,1.5443182451210433,1.024599664012522,1.4149404944587205,1.1605695041271036
42,2018,1.2027576973308063,1.1925111895637306,1.210477452696126,1.0903643429896999,1.3651817354790128,1.525385086019428,1.3528285302835994,1.143236786498523,1.3363202861710493,1.5493366360156673,1.3232570925070064,1.7304188666830147,1.1113769393085986,1.4358701416487578,1.199525771698197
42,2019,1.2124596323600518,1.1380445816723737,1.232444486144829,1.0680059431137903,1.3502060161132865,1.4206135461290466,1.3788712688539133,1.1395248381672753,1.25060472541776,1.1858442647006078,1.3125636709728856,1.5279549206520227,1.0222831366758984,1.3450266026091913,1.1404629488794242
42,2020,1.2525389447337603,1.1237046341155,1.211584189897663,1.0442779314672028,1.2815991734903203,1.4047309113990227,1.3214042010892393,1.1176272698157634,1.275187504130684,1.1479720953942918,1.2600053507466011,1.4594780602191122,1.022286706728731,1.2536004289068312,1.1321551061284907
42,2021,1.2027900420774567,1.1482281985928737,1.2159827507076675,1.0614553269231741,1.2658354391562034,1.4307587475093877,1.451893902480727,1.1325547321568052,1.267681793923353,1.2299494287825885,1.319849461657062,1.4790478153422526,1.0236327244449777,1.4412165437320446,1.1582102255815825
42,2022,1.194387943050185,1.1439408456976485,1.1937932181599094,1.0380475198666113,1.2937095855716587,1.477047002346636,1.3730939340315917,1.0935574311919172,1.21895262785739,1.2244100535820497,1.276061634722944,1.3767370095439755,1.0220521776070524,1.357141804855027,1.1449121827159405
42,2023,1.1983977699230108,1.15044168930133,1.3317542940844345,1.0657635554228952,1.2929857122707678,1.482954072016387,1.420985938079868,1.1249743800911576,1.2630868056491809,1.4803998229797255,1.3543590610698857,1.5400898204442224,1.022491871738659,1.4260941086389651,1.2200897036496943
42,2024,1.1804658115127364,1.1494624087421812,1.330808347543011,1.0667993520505605,1.286530881103637,1.4329128377082927,1.4397361738243475,1.1346983306485636,1.2653849195907765,1.4720650859009548,1.3957484110506542,1.5400898204442224,1.0243632428553362,1.4208790206425512,1.2127047402139033
43,2015,1.2157856767497486,1.194278754224948,1.2014106827547577,1.0775496139635046,1.2617353435996748,1.3865775671617317,1.2683164676666663,1.1452180361476287,1.2164099750131476,1.7826158451697944,1.2688634571039206,1.8248898285860569,1.5118643764456434,1.2222410242177262,1.1791043807195716
43,2016,1.2457467840211647,1.2084339515364555,1.2158933656681858,1.0774300673396904,1.1627791549002253,1.6234402513070139,1.2941513330001908,1.1432220401485755,1.307689998454534,1.5325564307711523,1.3160522286239373,1.7648704569460645,1.5163826175634354,1.2993126746836097,1.188252934524286
43,2017,1.2250107188765331,1.1625231501523408,1.1921281433922484,1.0690859075160104,1.2140662425533595,1.42828346926804,1.3320258696050857,1.1053626378101353,1.2468409877932831,2.0327711704932083,1.3030609612115729,1.6928804023072443,1.1321094120896409,1.3404484429719956,1.1740183043133068
43,2018,1.2484224453437627,1.1485547730917776,1.181680055637362,1.0460040905673345,1.2598756060746863,1.3404340860342063,1.4125309817079479,1.0913050776185733,1.291424747614404,1.3193518798824246,1.2330009130079274,1.3835146766740598,1.0675272076777191,1.3625723358934327,1.1528121548142938
43,2019,1.2261690843583406,1.151885901835743,1.2214467993343974,1.076700032936424,1.2429061370020813,1.326826277480166,1.3244782220858533,1.1282518588931816,1.236331510784738,1.3889316468779143,1.2325860885119477,1.401159832395532,1.0594318873966668,1.2257939294004065,1.1630627471328987
43,2020,1.225265347270448,1.1431897206945925,1.2058865307353512,1.0604349067139656,1.2406701556706294,1.3337832201478268,1.3532030112097946,1.1153287311377007,1.2067545021841077,1.214199227913955,1.2649038307921998,1.3235123219948506,1.0464998011748905,1.2372588229851549,1.151733587586482
43,2021,1.2650366072108907,1.1417477160353042,1.2147006423045574,1.076163122664891,1.2385342002057635,1.4195952338658102,1.4540797984343112,1.1182299527764936,1.243124922840906,1.6631224334298966,1.2315997988622276,1.4894015290481588,1.123331244879572,1.3506879511218512,1.1527132162179776
43,2022,1.2284577870910527,1.1578614477514737,1.2702791826167878,1.0418961516912297,1.2057875989878546,1.3810816377541262,1.3544323130638325,1.1208200321994477,1.2849820058850905,1.350614845360871,1.2480134208942046,1.4865445647546238,1.0689392123425763,1.2806427484284169,1.1608864682003845
43,2023,1.214732338048165,1.1445509452625322,1.297019022045345,1.0685048051210664,1.2302301140465577,1.4623141259573598,1.4256715057081155,1.1130196881368026,1.2157270940581448,1.6174306307500566,1.2865584171388362,1.4055722483742663,1.1224470064420433,1.3400146650060303,1.1796709342973712
43,2024,1.2071536992046463,1.1538479548028757,1.3244415131986398,1.0603321171077058,1.2288923584761675,1.4856525758983192,1.3689226605737572,1.112694148693629,1.2163070495555826,1.5561914494487379,1.2871097354777867,1.4069971924506899,1.122421652792429,1.336374152340321,1.196913189160814
44,2015,1.1623435641346525,1.1530187871634228,1.2787426377138964,1.0814839410663768,1.2254010510507232,1.4102744832453469,1.2836997544837976,1.1411890082726852,1.1986268107818798,1.5732057771291272,1.2358594056598766,1.6584226519446836,1.1423579390162713,1.218762268529217,1.2066873415921786
44,2016,1.1597539074914178,1.1486030971815366,1.3002758425506433,1.0666593827869262,1.1654564997978711,1.3854755445669364,1.278057314887415,1.1251425335147278,1.230615547927675,1.4884147014866813,1.2360882443281576,1.6131504317856888,1.1121920207407208,1.2127066925335206,1.1853003021876656
44,2017,1.1850306303400813,1.1445268176663896,1.2879268583666428,1.067590442510902,1.2166316146556397,1.4109109597892096,1.329782474914247,1.1242061550318665,1.2675648787941172,1.4455528978932872,1.252923086401594,1.5645523463192108,1.0529757555397272,1.282818604457029,1.1872421325185036
44,2018,1.1883771744298386,1.1631689061798887,1.287757089294419,1.078288248643345,1.214994598754851,1.4561345565627741,1.306215283080681,1.1449925233842186,1.2792641193938887,1.517616687181759,1.23833392914198,1.6095933478914803,1.048207008571787,1.2940440413156074,1.2015669267952647
44,2019,1.1661155181752474,1.1389701931353282,1.2925412601631912,1.0704479703990863,1.183024629540856,1.3690087562185573,1.2901428219414195,1.1279203761180563,1.244536152297345,1.3631961611128796,1.2181589260694792,1.5612216465394808,1.0346379321841188,1.233962165397834,1.1849842448715866
44,2020,1.1816600554135466,1.134610766210049,1.2812498117272435,1.0699439353438973,1.1704589813313706,1.3326905372292348,1.2763490699505504,1.1169373571946355,1.2325454514825047,1.301743151766092,1.2221657331717304,1.4267369206647493,1.028619962570701,1.2104052643622494,1.1781819951016392
44,2021,1.2035165780719992,1.1480889877448417,1.290302148477982,1.0688052193191926,1.1844294893016905,1.3622608067237936,1.365044791734155,1.1227437582352573,1.2499656380902422,1.4030975070742309,1.2261140914228588,1.4850305979538387,1.0358545546088285,1.2921986668694365,1.1785007655501656
44,2022,1.1868002824183461,1.137338001331875,1.3115382120710295,1.056148746654128,1.1884970940675952,1.3512587590017813,1.3210410556049856,1.1153403754124553,1.2503396527993975,1.3680841891716358,1.2107880439127745,1.4233291635857073,1.024681614739706,1.263940095016741,1.1726295219622191
44,2023,1.205222076235714,1.1340231118992306,1.3196960310136379,1.0652467158210743,1.1857661929196253,1.3852684425966004,1.3465638921322822,1.1167119839295683,1.2532912430409613,1.4494497485964573,1.232761327891734,1.4621936080185904,1.0329129343843972,1.3033949228875248,1.1848459305685066
44,2024,1.2111194009786648,1.1353945136936796,1.3322025793509356,1.065972799185765,1.1866209097183467,1.382179058584606,1.3680721812356897,1.1174961506021055,1.2646918400196945,1.4112185627862166,1.245249062762648,1.4693541495870786,1.0330588538610932,1.2929025624911086,1.1896219398591676
45,2015,1.1263105064020382,1.0748568117537425,1.1640224470751555,1.0762037408489644,1.353564942192587,1.2685605962048183,1.0982384817870632,1.0771653995368002,1.0708271863093342,1.5354125676091563,1.1769990869280527,1.220648481563803,1.1123520529797124,1.176970669110757,1.1416872200057626
45,2016,1.1149873357092064,1.082209344028372,1.176723577165349,1.0855023695984847,1.2884224338409143,1.130464532956116,1.1276143566940078,1.0740522023843915,1.0764913940628273,1.9905063295761183,1.173981047014759,1.1959353937217647,1.0027871278160838,1.117333775652754,1.1179702988796318
45,2017,1.1337065536005704,1.127005517918281,1.1545392542465966,1.080152835225109,1.3444629987786971,1.373895236798595,1.1580820522248587,1.1277094302273745,1.1181489409504357,1.4285462881934121,1.2627289409817772,1.2285107365714165,1.0859490015425028,1.1566767730622984,1.158752805593518
45,2018,1.160927900113443,1.0955937361898747,1.1664947991799781,1.0551592701478782,1.2485314284621898,1.2196168046615588,1.1520669069968428,1.0933521027697066,1.208826098915073,1.377587389846409,1.2060057441000605,1.1647710709326713,1.004686339361582,1.1516415163626417,1.1211176510320726
45,2019,1.139116675741087,1.096745901110367,1.1713448408077853,1.087531348809524,1.175693016939587,1.2352633867502156,1.143602863274671,1.096539869369908,1.2027425937348815,1.5099615337827692,1.1771539150843888,1.286401565647969,1.0072498690310598,1.1312307366146952,1.1302584218909875
45,2020,1.1881646824329042,1.1140170653259012,1.1815681857862907,1.0920000635666625,1.2129278564834642,1.2206021445187565,1.1595576188782675,1.1034943974654157,1.2165708875740773,1.4703946318339784,1.211339059072815,1.302403924477344,1.0028332790973877,1.1611703582969655,1.1585268238320927
45,2021,1.1905484044576213,1.1347867068281277,1.2119552246310674,1.08454153021354,1.2695767261365298,1.302056856324275,1.2396293621431214,1.10416178304048,1.2283245521627946,1.5108174972556547,1.222074476618294,1.3147985798630333,1.0064416027375827,1.2229042637786554,1.1410137670767473
45,2022,1.183036346677497,1.128882305864485,1.2296647335694624,1.0648212015036722,1.2682517454870228,1.2507079580429332,1.2577510330423738,1.1190174496601477,1.2423704798177766,1.468625279002251,1.189612358052376,1.2507203962234648,1.007314739296394,1.2261355685736832,1.1350232240608786
45,2023,1.1923466857733809,1.1322643488195259,1.2294799366601818,1.06699436003264,1.2470576292578097,1.4094201934555304,1.2312780947492032,1.1146382783658983,1.2748114751608899,1.506550122346738,1.2596170590553422,1.3087509446909782,1.0081954697603084,1.2943434709862127,1.1537059521266317
45,2024,1.2563284267538362,1.1143241883588975,1.2357346931505477,1.0697955861091073,1.2405557448476467,1.4047253721078554,1.2809937958509316,1.1077919023370166,1.2774959246290363,1.5733818267975788,1.2797880244233029,1.4218870782384079,1.0088180485044997,1.2826275371288374,1.159598707504686
46,2015,1.1538752605798965,1.1385832142715424,1.2622684536689888,1.0807191239216878,1.2411881800404112,1.3890144994310465,1.2587432829130003,1.1299033243253214,1.1785802306476352,1.5477951247476862,1.221630031284552,1.595766115570474,1.1213658249084921,1.2080080052202389,1.1955176267325114
46,2016,1.1502048080864329,1.1371724103888234,1.2822886194537522,1.0690198960017288,1.1831920905760702,1.3420045599385682,1.2571362431708484,1.116555669512793,1.2062796161593623,1.5547217648821845,1.2197716041352586,1.5580061809497014,1.0792935417075806,1.1915650199880143,1.174480521057683
46,2017,1.1736825165067222,1.142698631898011,1.269183084253285,1.0702168888508252,1.2338172014958801,1.4114308152987312,1.3051174444917788,1.1249233333380007,1.2489482793820639,1.4198813448872587,1.2526654795068133,1.52359342777722,1.0552707341267107,1.2577472090089723,1.1827906820501206
46,2018,1.1787180344765904,1.1526793392299006,1.2706729551326534,1.0756860328778812,1.2143467292028456,1.4238710047302365,1.2810202754642337,1.1377980798451768,1.2674581409729062,1.4958981572827272,1.2324307246937234,1.5677244480567327,1.0392450831667965,1.2630087104382064,1.1884897437308368
46,2019,1.1585928346607945,1.1341196696051261,1.2739439763446363,1.0729534810434205,1.1765930342387574,1.3606231347422921,1.2674815563652422,1.1230260145351922,1.238774934888019,1.3828094876715769,1.2120075750739239,1.5531509042340563,1.0316145675979633,1.2168161031943876,1.177676697390836
46,2020,1.179147728437083,1.131610284923345,1.26535406410829,1.074484314498722,1.171604438310348,1.3159754147113738,1.256861372610365,1.1141870259462006,1.2305154969248637,1.328226867368974,1.219470934744824,1.4208232311293896,1.0262608754426736,1.200212641830428,1.175439939562326
46,2021,1.1989056498628226,1.1470692277778312,1.2786453545672052,1.0705969536834936,1.1918875040115269,1.352364876258692,1.3428959415600326,1.1201674203301166,1.2461362342711448,1.4058931614078192,1.2253270638694183,1.470883930007347,1.0286147964761925,1.2738187937993752,1.1733741258042427
46,2022,1.1868281130676155,1.1341796346389783,1.2984412538513197,1.058104742167596,1.1992224079337848,1.3348840042661707,1.3130589799922505,1.1151438546756764,1.2493693747791685,1.3869098524067758,1.2056734823146809,1.4082677197779672,1.02020699984321,1.254927592095576,1.1668200030727032
46,2023,1.2049364490684444,1.1320058599067813,1.3023901647012177,1.064903477744957,1.1912024721495729,1.3830608676575147,1.326257049632535,1.1156444998606616,1.257032878173382,1.450668753285843,1.230871540198512,1.4467647071533083,1.02563435969814,1.2959168858423828,1.1778342045010324
46,2024,1.2195225648535555,1.1304650298574073,1.3128712497099178,1.0659679633295336,1.1922297102279265,1.3781324460696807,1.3550997897584949,1.1159437783777677,1.2697756322770921,1.4180259943898745,1.2443124288948615,1.4674491019584273,1.025815500529515,1.284834503930603,1.1825807233556143
50,2015,1.154054420923928,1.1466078092520697,1.263324453128556,1.0783277001189129,1.2148305004960718,1.4143277656347437,1.2923472163599257,1.130847593284572,1.194625059609201,1.503586465414157,1.2220896311328426,1.7159151387325542,1.106241139949345,1.1986338027785683,1.195139041293488
50,2016,1.1567427355470097,1.1489214912677457,1.2849179995506648,1.064527377347923,1.1649917982737192,1.3963121999667478,1.2879402133622457,1.1208474223230915,1.2311560308511484,1.4592371592162836,1.2243059144357271,1.6915340069183744,1.0837185513882934,1.1973756895365717,1.1801039037187424
50,2017,1.1736469544887052,1.1495885187567738,1.2798586492603081,1.0706033739819623,1.215852518452316,1.4536466675198212,1.3383374681722842,1.121147747295655,1.2799088152296114,1.4022971837678706,1.256476051750024,1.6298893115731388,1.049443297955647,1.2696727139030155,1.181999157831061
50,2018,1.1711977692539743,1.1598591487944936,1.2715452043172404,1.0793561594483438,1.2045866972212993,1.4661284846533305,1.310263080406124,1.138367759459401,1.277022525057872,1.5037724445143796,1.2389673341538798,1.7270411932941536,1.041865859185957,1.2656246083000418,1.1894878071255586
50,2019,1.1599070872879942,1.1464277994352703,1.2752584909634745,1.071638597371804,1.1748591692274113,1.4257713002837007,1.2928374319459746,1.1252555345513573,1.2434494199122559,1.3532066824239488,1.2264113075055483,1.711338452117571,1.042270698768107,1.230917310726234,1.1835835128832835
50,2020,1.1752697926774083,1.134751349626001,1.2599254880736066,1.0737355576942362,1.1609973437272403,1.3405045226523402,1.2776249510205278,1.1115543168914008,1.230928267787747,1.2978776025226424,1.2270836384083248,1.481170345437074,1.0380432317302901,1.2025891356169212,1.1729490242859295
50,2021,1.2000022459801443,1.1512136550778498,1.272929310347708,1.0671337346116716,1.1723430015380907,1.3757278136885738,1.3679230859881601,1.1223486716836488,1.244775042393702,1.3735840462205864,1.2336336099427525,1.5500013816687581,1.0324642262810588,1.2702145496394674,1.1745658615980323
50,2022,1.1981142456479632,1.1299757185682495,1.2909679096843292,1.0560714194414356,1.1932894562498948,1.3575450570437195,1.336729973231529,1.1093164595984535,1.2511143976131953,1.391012693919778,1.211696403434769,1.4820667149161095,1.0207594318230793,1.2572146804315225,1.167036187672708
50,2023,1.2161964119531232,1.127115880939596,1.2960082622785205,1.0637441978376905,1.181898577537646,1.377900045135129,1.3489661435424019,1.1121965784213927,1.2499256640775962,1.44941994131773,1.2204165284988508,1.5045293966211224,1.0261243866153258,1.2875010069589072,1.1740540552638397
50,2024,1.219525824395429,1.1289478164697577,1.3027803352465888,1.0629399272366453,1.1893499100578273,1.3635344198303518,1.3749426639248836,1.1168537613374339,1.2737819116086762,1.359868980939549,1.232230809043175,1.496168093669774,1.0261470450628076,1.2762075854877266,1.1791765650705255
51,2015,1.1535632860913798,1.1479561182540654,1.2772510717585617,1.0793097326386847,1.2095973621072242,1.4165375800112487,1.2951264319196332,1.135882297648382,1.19606936628329,1.523953629914707,1.2233476076201344,1.6978590889691965,1.1051483606553807,1.2030938556493094,1.201823937260405
51,2016,1.1544919169519139,1.1468899927775102,1.2987925646274292,1.0643804299488306,1.1581524699204286,1.3881611363516684,1.2873160485503752,1.1234052817455618,1.2316045262513786,1.449480801553391,1.2225530442821502,1.6682957210390572,1.0801844616412246,1.1975074944202815,1.1838671026109695
51,2017,1.1747592821405601,1.1461937760976495,1.2888967789584702,1.069371996525866,1.2074528728936795,1.4334815920973505,1.3391367037192805,1.1225982776005383,1.2788479829177217,1.3909984486236757,1.2499080624978967,1.60923768146159,1.0463262467019856,1.26851912319587,1.1846744868517225
51,2018,1.1717468808028413,1.1629031000782508,1.283703927214532,1.081709208173069,1.1994246223293261,1.4712727604780682,1.308032987560149,1.1446753756211714,1.278479906564317,1.5109569133560319,1.2344928756896587,1.706605894041126,1.0440596037997618,1.2705617921714738,1.197038394405907
51,2019,1.1581843968669359,1.1446017612162345,1.2870374695941085,1.069942504067367,1.1709504016245686,1.4100503807896942,1.2937848672052763,1.1280705584855764,1.2445664253983288,1.3565076518608579,1.2210351648443138,1.6713437397852051,1.0400517012635375,1.230976812453587,1.1865692522357092
51,2020,1.1730810120523765,1.1344511844368714,1.272116155723376,1.0720141355148962,1.1565761905622667,1.3401263239168455,1.2762666393426327,1.1140531148068762,1.2313641722525757,1.2959285513325862,1.220751387599616,1.4694300287409603,1.034378515907262,1.2027396196671638,1.1758134571024523
51,2021,1.197014160007926,1.1501508033943095,1.2838801891176281,1.0669767065307996,1.1682822699992417,1.3689007301553733,1.3630354410719787,1.1231350472443462,1.2448095105607508,1.3635126005380311,1.2270744643683908,1.527530486063449,1.0313163081974748,1.2723679473044898,1.1782712655556395
51,2022,1.1894457607360613,1.1314013090467057,1.3014988483677619,1.056643573422266,1.1837854022045702,1.353481751280626,1.3282912843965495,1.1112158170270103,1.248379208102032,1.3749010889783573,1.2072195353313475,1.463739182256951,1.021304823968626,1.2551225213421682,1.1702884535330549
51,2023,1.2096072687483643,1.1283707675326369,1.305602496942452,1.0639941440165013,1.1750478684214731,1.3721437752174948,1.3454219539769148,1.113615274379404,1.2500649629898692,1.427935384666112,1.2173664441387881,1.4938221050240157,1.0259725420630064,1.2857909365915485,1.1774429681808471
51,2024,1.213160826062293,1.130358795170218,1.3151954643499761,1.0646398759897584,1.1807455306320687,1.3625694814889504,1.3736658319131712,1.116956264266952,1.2697865088691,1.3584617856513266,1.2295077099612497,1.490416608646328,1.025970505131515,1.27466775366103,1.1820672852380554
52,2015,1.144836854993908,1.1213935443098686,1.166316637208303,1.0731091521089025,1.2372070668353352,1.3990597255189028,1.29832469573349,1.0798580348030178,1.189250858690034,1.1987940830498625,1.1725792970000806,1.9185084239265884,1.0,1.1337009387173114,1.1339897812593231
52,2016,1.1625153207447223,1.1637595318591776,1.183557185601127,1.0634106424132534,1.2183664193908017,1.442626017672237,1.315668916715591,1.0952131745519171,1.2318583964904173,1.4563518250331646,1.1870534665923678,1.9717477162888948,1.0017849420435774,1.1535880656878248,1.1487970832718044
52,2017,1.1429575911512622,1.191007290420789,1.2259360928688299,1.0872741494416172,1.2713816643125482,1.6823805805210919,1.346180094581311,1.1112129034765337,1.3306972116732618,1.3497655456613495,1.3031426235926764,1.9107201134492506,1.0581662836159103,1.2448802520815812,1.1632693235752765
52,2018,1.132475389122787,1.1353199577923636,1.195861990023799,1.0644198858513012,1.2074531539282176,1.4544567342747092,1.324477664635958,1.0904201160112024,1.2572152291532397,1.4481412133136122,1.277822505447353,2.1062528060003576,1.0037500337995489,1.1592762528065286,1.1231623526455083
52,2019,1.15278952642319,1.1792206383405985,1.188579408517461,1.0866004908560638,1.1685385323248643,1.6609380485607488,1.2863530405886663,1.1004401759317082,1.241522543666472,1.295453181890929,1.2772547670871126,2.3307072372401265,1.0721231598973777,1.2249894519811932,1.1725000525230709
52,2020,1.1680947569474314,1.1431924378060503,1.1660333993837202,1.0989240461972116,1.1593642474813466,1.3469586208843976,1.283229571870133,1.0858937665282653,1.2325098765094682,1.3288915363483826,1.279814423625628,1.6856448410497573,1.0854368350336545,1.1858652952798105,1.1562863595258719
52,2021,1.2122092060274232,1.1723454955636776,1.1962326831189376,1.0641743012461857,1.165899276415348,1.4304824061484713,1.3945363508758983,1.1197823030652134,1.2439858933316141,1.381463018914568,1.292434863618932,1.845623078533494,1.025035613960154,1.195954769614093,1.1537552191502616
52,2022,1.284836736723561,1.1069430392831499,1.2159889611160826,1.0561536670628022,1.2659006308970444,1.3878295738933693,1.430573429833102,1.0901844066582298,1.2838876113846285,1.5724957693063522,1.241069995123992,1.7434192611007748,1.0035125057379466,1.256119353709072,1.1448962582121511
52,2023,1.2924290916546868,1.1048358285049151,1.1997440246486244,1.05637127781246,1.212397947966719,1.3839288075435374,1.3654990600678765,1.0951795551424992,1.2546032224875392,1.6025056460333298,1.2017819463530313,1.659583550314684,1.0034495071516107,1.2597744370412218,1.1303212809935712
52,2024,1.2908981283455305,1.1065746918646906,1.173606640710799,1.0415255730558568,1.245077610347618,1.3168331167532081,1.3888172276670097,1.1168610662127187,1.336665290524781,1.2389852816840852,1.2067173634521384,1.5815900219201569,1.0032835855750366,1.242688551246614,1.1388033191013311
53,2015,1.1525437705505712,1.141126882727804,1.260384982175513,1.079416841499828,1.2257328789070123,1.402424451022582,1.28033370686799,1.1279448548656532,1.1878117213431396,1.5009895684249137,1.2170998197314258,1.6734902938527787,1.1007668816262666,1.1982249491677783,1.1924685898377094
53,2016,1.153142664199766,1.1441755529606308,1.280595881021421,1.0663056747219863,1.1747521164152166,1.372350763877986,1.2770955571617058,1.1177748770478957,1.220827067724457,1.4945692540980127,1.2170514051764902,1.6487883340038132,1.0707854438256565,1.1898812713960019,1.1763062009136127
53,2017,1.170838924705918,1.1490902950123556,1.2742105116631965,1.071508400015648,1.2246198507033907,1.4478008533857858,1.3250061587687634,1.1226346235857727,1.2713779429351881,1.3977681268513569,1.2558678420130698,1.6009062878452336,1.0511204712350963,1.2607757567972002,1.1818402211423171
53,2018,1.1704498275498416,1.1557319214106194,1.2696393710344593,1.0774410577690763,1.205928634564314,1.4486561514945442,1.2977022924378585,1.1366549031243822,1.271479276847991,1.4977079273743323,1.2375423382236426,1.6845309331553273,1.0378059576668823,1.255497305746631,1.1860932416735919
53,2019,1.1575029031237298,1.143567859742046,1.2717164746130758,1.072803027041481,1.1725188656146375,1.4133845640914504,1.2816525937399883,1.123346601737815,1.2419623806353781,1.3614957038762359,1.2223260108634115,1.685031594694191,1.0395538824559192,1.2240162526611367,1.1814322782378237
53,2020,1.174832253935507,1.1340688138573174,1.258831436286812,1.075799121447976,1.1628343140900532,1.3298608911230643,1.2682417816463778,1.1114415109382756,1.2312953011726813,1.3129369172881173,1.2255688606806288,1.469637584726209,1.0358645506953759,1.199771024024354,1.1738154145275688
53,2021,1.1989893120674184,1.1510381030315564,1.2732402334073343,1.0682049465193397,1.1777227061782765,1.3669218080308096,1.3566183159228709,1.1215838807374272,1.2454239506587736,1.382146116922398,1.232335740550662,1.5334255671271264,1.029271733586941,1.2648033003832124,1.1739593839780798
53,2022,1.1973876853572099,1.1301212193815633,1.2919945204220136,1.0573478070685165,1.198116735270388,1.348273282830573,1.3314658820860512,1.1110062045044014,1.252546687470079,1.3987797753999018,1.2094427854638339,1.4672453743076783,1.0189506298032098,1.2546944418076695,1.1664171320503045
53,2023,1.2155756136215523,1.1275180894189056,1.293587585871522,1.0635032269599132,1.1851341055013176,1.3769779972103564,1.3383381367143246,1.1126887881238512,1.2537619186883437,1.4533414659684283,1.2209484404839892,1.4889148143520758,1.023340070061358,1.2870158385321526,1.1728465214063186
53,2024,1.223460913568847,1.127961465703139,1.3001670948509918,1.0628899045896334,1.1914322420906718,1.3641985043704468,1.3667256748684387,1.116490107775434,1.2765754660526292,1.370763145774638,1.2329089723795723,1.4889424769661075,1.0233999565652756,1.275262614216968,1.1778579790597998
54,2015,1.1542984155333875,1.150883647521036,1.2991778870045378,1.0820300857092164,1.2043538150470368,1.417550822093061,1.3019921341971894,1.1448438182203429,1.2010645349323665,1.549559006927057,1.2257843443755723,1.663923203244097,1.1048514629435824,1.212290976721062,1.2121974297114786
54,2016,1.1520488994142253,1.1450801651389977,1.319774460396156,1.0645132496640495,1.1497634155441903,1.3748585239505533,1.287204960867745,1.1279678227622327,1.234895445752237,1.4332844143724421,1.2196917669587155,1.6250420632277145,1.0755158135136125,1.1986615817790407,1.1896127224465072
54,2017,1.1778464126521018,1.142586772375873,1.3029711063290557,1.0674636466621628,1.195547749515068,1.4031442113008503,1.3400867644998424,1.1256173765953068,1.2803904525913938,1.3790646071805663,1.2403798700103403,1.5762099261780664,1.042082840901756,1.2689128927081594,1.1897590218239649
54,2018,1.174616435541682,1.1676941980123392,1.3039883732278852,1.0840004729300434,1.1926358987559293,1.4762057429504276,1.3055464943354704,1.1547249834562188,1.2806995980467237,1.5219870769856512,1.2298024067473339,1.6625503249224887,1.046800380293914,1.2793999087876917,1.2088462667887718
54,2019,1.156509071480188,1.142389597336786,1.3056117068356665,1.0674838333966996,1.1656418903395638,1.3852616355207927,1.2959165107497554,1.1324681441620368,1.2481184185727674,1.3562553114824767,1.2132005656947993,1.6067528938314077,1.0364818554083417,1.2324770590549388,1.1915002078031118
54,2020,1.1702181569900607,1.1346716014594942,1.2921335108171381,1.0698398665422966,1.1509521954594015,1.336894343830142,1.2747354561152657,1.1183628717606022,1.2339382420981406,1.291963256938328,1.2118403147371282,1.4489225293913244,1.0291499813386156,1.204586180900393,1.1810567281772093
54,2021,1.1935075790790104,1.1492194728611895,1.3021881072098314,1.0665855644259736,1.1629639702637413,1.3553313090936,1.355486073278559,1.1247320168625696,1.2479595115074438,1.3513042016773626,1.2174997261752631,1.4918099088317143,1.029555322854155,1.2767748449387668,1.1846879910975474
54,2022,1.1776636961050946,1.134219416420952,1.3203146748584493,1.0578954220307004,1.1706986467482658,1.3472037990257404,1.3168108958796154,1.115293408473217,1.247672152505796,1.3506749446229562,1.201035241272323,1.436619082379508,1.0219330410303453,1.2533838759712714,1.1763110226296039
54,2023,1.201020194883361,1.1306934892271554,1.3214058308628165,1.0638571880155332,1.1656282845374644,1.3624953165204325,1.3391581253233678,1.1161847019430882,1.2526917238670319,1.3997116621172356,1.2129681237266805,1.47324398871546,1.025737534391468,1.2851188595844842,1.1831185485632327
54,2024,1.204772638427432,1.1330230521344844,1.3353261967024588,1.0664946035777263,1.1681036036203543,1.3619506266796775,1.3700987361052364,1.1174081725078535,1.265976364105724,1.3571478537434452,1.225182769297363,1.4774022049997666,1.0257355076836083,1.273967025301203,1.1868832839450163
61,2015,1.1496679804207297,1.1514697999771752,1.2970102400452517,1.0778137802145231,1.18538531727543,1.4339070188612653,1.3023615237635917,1.1443712203509344,1.196729375022717,1.5702981170283643,1.2286906074572812,1.703295263621265,1.1089633527559952,1.2068986447438568,1.2135320119494604
61,2016,1.1506529161958368,1.1426245588061985,1.3226915370892236,1.0617744481283693,1.1332225235178162,1.3933029367947976,1.290220895680783,1.1287653967629456,1.233118568251059,1.4103238664756965,1.2255513955275485,1.6614824248391364,1.0854753769447807,1.2012541089274722,1.1923810535328805
61,2017,1.176517480334564,1.1356950204560436,1.3041409609159524,1.0661650155211184,1.1824609996859476,1.395411303611564,1.3500390372818267,1.1219607172896873,1.2750237471917831,1.3668023905145903,1.236157756250327,1.5870222923040804,1.0388177647817483,1.268030259923412,1.1866138368652852
61,2018,1.1696328490866001,1.1704511278360925,1.2982779453144349,1.0890143790747309,1.1861354019305184,1.497317807921633,1.310910525767711,1.156090116964671,1.2856402204952624,1.524842072598146,1.2206635868756959,1.7130628189213015,1.0530508998010106,1.2854958319642684,1.2117254941067772
61,2019,1.1548282278367525,1.1402258197385646,1.3052227967025682,1.0652514319647217,1.1641478076208176,1.3848231216031464,1.3015880056566427,1.1341953996638827,1.2443552476779165,1.3686551826686668,1.2113792471151277,1.6101991097039552,1.0377200203478962,1.231973549121729,1.1907836112118209
61,2020,1.1688683732200178,1.1316721679627144,1.2878009128009573,1.0659068492598716,1.145209414471967,1.3513363413614001,1.279011439555954,1.1175746873716432,1.2277858763428617,1.2767769094856507,1.2069380632893214,1.455550131975456,1.0269946647315706,1.20189284542883,1.1770075421683617
61,2021,1.189548583779816,1.145237503049692,1.2956291026514275,1.066079274660229,1.1552819812036124,1.3680215795187824,1.3615816680253303,1.1234958953071037,1.2393984308838404,1.3303587816842246,1.212931568776107,1.497237214910186,1.0317906850606087,1.2788907119551258,1.181473592826484
61,2022,1.1692790585241677,1.1320186525955411,1.3093070192692882,1.0561310871349572,1.158405494417679,1.3526702452285269,1.311238469249369,1.11085195764963,1.2353247496744955,1.3326298748028083,1.197905106078958,1.4327486461927967,1.0243276366680025,1.249366786032633,1.1729844068729194
61,2023,1.193328313425672,1.1293579658274737,1.3189812265541718,1.0660600815741699,1.157559029322752,1.3643663575007265,1.347077385823685,1.1149475071113935,1.2426552829395512,1.3710888224868578,1.211140517591142,1.4910764014394462,1.0285632657072747,1.2794837904866652,1.1831275827934287
61,2024,1.1943000527539929,1.1323495280924543,1.3344714280259666,1.0700897479024933,1.1614319464171547,1.3605476651002744,1.379721679035374,1.1161776764370577,1.2542008145003798,1.349884318987236,1.2249028598790446,1.4920479015853354,1.0284830686063657,1.270147247206615,1.1871308194328125
62,2015,1.1526419996678856,1.1526595132435462,1.3070162348180592,1.080491326878507,1.194131486730228,1.4255155869605989,1.305689028320582,1.1464096179291736,1.2008655652099187,1.5640113553703634,1.2266557141437946,1.682562271024148,1.10416336097665,1.210343214017071,1.2158107082752474
62,2016,1.1514156747068973,1.1449712278085766,1.3285946763697591,1.0634049049479068,1.1403332642456043,1.3824373523196587,1.2909901964292922,1.1295841223470588,1.2369593726408437,1.4143290352966824,1.2211011329547956,1.645777913634735,1.0778281834284174,1.199481874816738,1.1928285934420328
62,2017,1.176945828643099,1.139917196095594,1.309038811575286,1.0668230902004145,1.1867619265681528,1.397652773348793,1.3462339267831054,1.124647905460451,1.2803613808513437,1.3689910709973696,1.237225959902537,1.5840960307571226,1.0395223127047748,1.2678988003278895,1.189752330656274
62,2018,1.1716004480773337,1.1704308870080555,1.3081965488192318,1.0872846943269427,1.1875325207746257,1.4879853307867736,1.3089416772054665,1.1573460381313128,1.2833413283482542,1.5236690388670673,1.225527869237508,1.6897469007481354,1.0496465549045233,1.2816711994070134,1.21246615007548
62,2019,1.1552287617644779,1.1428890609708742,1.3115406417344964,1.0662136508175675,1.163375040374089,1.3871689402029403,1.3002200981012324,1.134528487364748,1.2470341596203722,1.36001822010217,1.2123351403021099,1.6109787534592341,1.0374303576507158,1.233009447987834,1.193441276691735
62,2020,1.1683515480777766,1.1343248003996922,1.2960832911943891,1.0679919786379892,1.1464194701852741,1.3440562343649205,1.2775363992452629,1.118824913494746,1.2317250380504647,1.285922582485303,1.2089235078319316,1.4539512167937625,1.0286128856687975,1.2032294685516405,1.180846967812023
62,2021,1.1912510013151554,1.1484932758787056,1.3052149582717023,1.0662531574255913,1.1573033268566915,1.3599667272228866,1.3576649814966515,1.1251864473320723,1.2435172591249948,1.338349176267244,1.2148095263763183,1.4925496186159322,1.0305244467542904,1.2769339262731978,1.1860990824942765
62,2022,1.1729333404604334,1.133984106773836,1.3216340089143757,1.0572286279296608,1.1629297053608403,1.3491574582772512,1.3143189916142657,1.1141234992800633,1.242250336202084,1.340509333321936,1.19916961097192,1.4374148921890173,1.0231723671353428,1.2509801825218803,1.1768724127374102
62,2023,1.197012928651339,1.130391262452052,1.324811976317846,1.0645078417260418,1.1596040728763277,1.3604229862609893,1.342759831565042,1.1159898245742108,1.2481501315661103,1.3824927935426172,1.2101063201843782,1.4809246458457694,1.0267406638581231,1.2808002662055056,1.1839305488199068
62,2024,1.1991539021460738,1.1332831280843765,1.3399929297587552,1.067886653906325,1.162738029052145,1.3592141995155946,1.374660530126828,1.1172970657754597,1.2607840055640742,1.3473019939931603,1.2227442999238933,1.4835694488558178,1.0266430834164235,1.2701193520303216,1.187696791138078
63,2015,1.1530386671855135,1.1527000069977507,1.3078599921390952,1.0810150573623543,1.1955601001807235,1.4240515903175395,1.3062500845312806,1.1468081283690998,1.2015690917580637,1.5619830846534846,1.2264110474411678,1.677739702475201,1.1035207362062847,1.2111554647564164,1.2159756197713592
63,2016,1.1514502714564918,1.1451539219376654,1.328919575333853,1.063630792886608,1.1414897677625404,1.380317012305166,1.2908548041147938,1.1297055031463934,1.237426382310042,1.4151045265473459,1.2203352472303062,1.6408085856974244,1.0765099191541647,1.1991850673004605,1.1927397210317465
63,2017,1.1771677898616115,1.1404808546725944,1.3093387149028235,1.066868014759474,1.1873773494431892,1.3974072051442128,1.3455033077724905,1.1250921089816956,1.2812370531683446,1.3693736154726068,1.2372054324699127,1.5820708606246003,1.0396032505812653,1.267978966634342,1.1902229078062405
63,2018,1.1720958540769455,1.170360902452951,1.3093342689026293,1.0868362076574039,1.1877307423171735,1.48627807443584,1.3084917248808743,1.1576167315307688,1.2830049806226083,1.5236979672369164,1.2262153586940052,1.683562924599192,1.0491356684069837,1.2813277234963907,1.2125850017982702
63,2019,1.1552912250335288,1.1430689853624705,1.312073166863314,1.066304440283084,1.163218554465646,1.3865838521943232,1.2999226301044355,1.1345561746358508,1.2476553811431685,1.3584535839121668,1.2122259023398623,1.6090106023269084,1.0372336481581654,1.2331873517609142,1.1936719972016019
63,2020,1.168312516759099,1.1346004401438452,1.297024799590487,1.0682956866948694,1.1466359459020514,1.3425415813602237,1.2771262554607377,1.1190454398382292,1.2324971711518158,1.2867081661631863,1.2090058828500905,1.452771237131185,1.0286598024027467,1.2035799963887632,1.1813710348564672
63,2021,1.1914543380302218,1.1488372018787074,1.306342967801912,1.0662391935559654,1.1576414924614735,1.3581863347523309,1.356791945949221,1.1253666672227067,1.2445855693188093,1.339352716866479,1.2148496829663569,1.4910393572902259,1.0302034084657967,1.276806373131753,1.1866141838175295
63,2022,1.1733246844201606,1.1342332791705352,1.3231857450065578,1.0574659205333194,1.1635282781904992,1.3485024722490908,1.3144985298074825,1.11469329768072,1.243543167808602,1.3410894703335325,1.1991838672472326,1.4371370612858534,1.0229329690047542,1.2512736547493064,1.1773936023523517
63,2023,1.1974976782279418,1.130544214863247,1.325390337875083,1.0642628058512449,1.1598904261848328,1.3596726275796083,1.341709908376703,1.1161820608238147,1.249272796069741,1.3838481965196803,1.2099385023430946,1.478589677438462,1.0264105118823612,1.2812338943117325,1.1840795470655388
63,2024,1.1998400027717855,1.1334044657222586,1.3405835418522765,1.0675892852650894,1.162787889846103,1.359185412014548,1.373619327756682,1.1174161891545047,1.2618731994710903,1.3473658159519635,1.2224206919656555,1.4817030282202164,1.0263227067774943,1.2703680520874554,1.1877786324115363
64,2015,1.1514363826830523,1.1543283807007523,1.3230927986799206,1.0806778929178222,1.1860841231174397,1.4296409778736971,1.3103706870089138,1.1503560611300845,1.2019844137778186,1.5810918733059471,1.226235421255337,1.679686863706465,1.1002370546779974,1.2113718255636996,1.2221961015670817
64,2016,1.1495146687799107,1.1440640347674318,1.3442004139742922,1.063013288390892,1.1318016260859274,1.3795299831799068,1.2932542146277826,1.1320919293164238,1.2391904053851808,1.3966332542192283,1.2185430931410863,1.6435678117952623,1.0736632443238057,1.1982381413988665,1.1971333314941932
64,2017,1.176279487599437,1.137338474380399,1.3194112484639537,1.066058138463479,1.1767409615717943,1.3836583193382213,1.349519555809943,1.1254196612509628,1.2812610137215144,1.3539071949535817,1.2313178768277004,1.5782150731000748,1.0360931020748745,1.264751299036746,1.1919532198479705
64,2018,1.1692937763493445,1.1738144698346888,1.3204990577305624,1.0903076726847631,1.180301199741611,1.4959554920009674,1.3089622191968584,1.16278616600813,1.2850503297456293,1.525964585986755,1.2206254003802453,1.6933311653756649,1.0514634577042827,1.2826857095979027,1.2188677555480496
64,2019,1.1528258806843266,1.1430784527961368,1.3237261854175189,1.0646730265405604,1.1583497519888393,1.3814037025979535,1.3027829411273273,1.1375435621465468,1.247613601106663,1.3624972234371437,1.2086735511891287,1.5959836324009156,1.037003075936478,1.2327241868280863,1.1971402603068793
64,2020,1.165099917659624,1.1346314471309564,1.3075757643253798,1.0665596802333237,1.1403578967307695,1.3465266118114732,1.2779426858439131,1.1207248746694602,1.2313938134195084,1.2828979793501927,1.2035767587213209,1.4519709412831217,1.0267703130399697,1.201996478106523,1.1832184768105627
64,2021,1.1880575420715422,1.14839649604427,1.3159102773848608,1.0659736085083011,1.1509519913730524,1.357176288048267,1.3545184729794382,1.1264342686309528,1.2413098043520747,1.3241085437866882,1.2094979578107519,1.4808637630556964,1.029994611917232,1.2760512244374242,1.1903621495927639
64,2022,1.1657493353167503,1.1349119575194602,1.3316203318717657,1.0575282780306234,1.153120680350233,1.3468639847119617,1.3086542821106948,1.1152106091752547,1.2389398476635332,1.3268330914223185,1.19524784980033,1.4306364070633513,1.0238834599563869,1.247626347641565,1.1800132234792193
64,2023,1.1915830646526893,1.1309259915128655,1.3333896628420334,1.0646778819930516,1.1514870127474452,1.3539011399015632,1.3414299767735074,1.1168005499547968,1.2465122518305427,1.3597924871591367,1.2051438519393398,1.4784907462961703,1.0265527902940712,1.2758052197003684,1.1860645844379802
64,2024,1.1931876466010578,1.1342325638210762,1.3508758673336136,1.069218538426911,1.1541027498911478,1.3554837378382254,1.375466864911093,1.117506704113031,1.2569719420278933,1.3364917083071512,1.2178875836867344,1.483209938348958,1.0263607447715315,1.2651718047561162,1.1895222199570554
65,2015,1.1537844977879228,1.15381455864429,1.3150095356353282,1.0831738401999462,1.195195859312423,1.4220959573353418,1.312320108099286,1.1509933611944028,1.2058129196770064,1.5602612349928167,1.226744036701865,1.6590340810832953,1.101639563521229,1.2159277543012823,1.2191262130009086
65,2016,1.1508392693093161,1.1451426147394677,1.3348993351138974,1.063815927806172,1.1400141904174426,1.373494981170671,1.2917847233906052,1.1318250700588195,1.2409024011233634,1.4053532169837744,1.2176674471878741,1.6170196679900792,1.0723085522820797,1.1990134348491153,1.194299021805027
65,2017,1.1788809989740183,1.1405935071498683,1.3136917693577008,1.0662004889530505,1.1831319018943462,1.3874255696613464,1.3458817833442274,1.1269275142272137,1.285763533411739,1.3654451394198197,1.233549445611202,1.568836968910262,1.037948360675869,1.2689552218681146,1.192748105723111
65,2018,1.1739341722607037,1.171976935276306,1.3170366679652288,1.0864275288640064,1.1849089634103374,1.4856386887680393,1.308132185885793,1.1618064528020113,1.2836773815151814,1.5275951385156474,1.2260740216824195,1.6578250295683155,1.0491491619739923,1.2840595660912186,1.2166858684069157
65,2019,1.1548862431058942,1.1428272677950817,1.317841675727563,1.065385876669657,1.1607567038796207,1.37838095441411,1.301337459812161,1.1362263261841756,1.2510448236166942,1.3523384104468297,1.2094135131708288,1.5871073347384372,1.0358951701748111,1.234750340040839,1.1955737649507385
65,2020,1.1670336690687833,1.1350170561122461,1.3040289388890618,1.0681158158841138,1.1445471677051045,1.3385448845703216,1.2765731191648026,1.1209231226666607,1.235474195541012,1.2830470661163342,1.2058836631389978,1.444573934536735,1.0272060798430016,1.205336913138757,1.1837723637053998
65,2021,1.1904627386325268,1.1490036939924895,1.3131505440352718,1.06573765800863,1.155276028335168,1.3495551765227447,1.3530493922243212,1.126191366409231,1.2490226117084793,1.3342270100316334,1.2113429386965517,1.4782534860106693,1.0288830043469825,1.2780058823404643,1.1893052502233286
65,2022,1.170273831520507,1.135230288321033,1.3309471265055175,1.058480806377114,1.159591744079706,1.3458819422000081,1.3116590286480265,1.1171169211260024,1.2468983105958455,1.3321398720017268,1.19684819079917,1.429471751867532,1.0225397708290012,1.2513023203288431,1.1802116654694166
65,2023,1.1959134579949393,1.1312355307985433,1.3302064481895457,1.0635580341095867,1.1564998269221203,1.353767796939782,1.3375795229864396,1.1172805250749682,1.2528525603561211,1.3753025448761977,1.2071967335478755,1.4678286537344623,1.0255881784539624,1.2817135984779306,1.1859611346719223
65,2024,1.1981156709772782,1.1343282181072432,1.346876363672012,1.067506507924772,1.1578819559849685,1.3583904128622108,1.3706158817606948,1.1177052524684008,1.26329740438584,1.3440911062637961,1.2193026440039831,1.4734041592055551,1.0255469568989444,1.2705369687933659,1.1891845219274553
